timestamp,data_0,data_1,data_2,data_3,data_4
1743434643.0407436,829.6337280273438,794.1758422851562,831.6483764648438,847.3626098632812,1055.2747802734375
1743434643.1757383,835.2747192382812,921.098876953125,836.886474609375,826.00732421875,1218.4615478515625
1743434643.1777382,823.99267578125,924.7252807617188,832.05126953125,835.2747192382812,1023.8461303710938
1743434643.1777382,832.8571166992188,908.2051391601562,831.2454223632812,824.3956298828125,1174.5421142578125
1743434643.1787407,825.6043701171875,945.2747192382812,829.6337280273438,824.7985229492188,925.5311279296875
1743434643.1777382,819.5604248046875,913.040283203125,827.6190185546875,824.7985229492188,1224.908447265625

1743434643.1797392,807.4725341796875,796.996337890625,822.3809814453125,818.7545776367188,1163.6629638671875171743434643.1837387,828.8278198242188,938.4249267578125,832.05126953125,810.2930297851562,1040.769287109375
1743434643.1787407,844.945068359375,815.93408203125,828.4249267578125,816.3369750976562,1042.783935546875
1743434643.1857398,828.02197265625,803.040283203125,832.4542236328125,824.7985229492188,1009.7435913085938

1743434643.1787407,827.6190185546875,807.87548828125,822.3809814453125,808.6813354492188,1029.89013671875
1743434643.1817446,826.4102783203125,890.879150390625,830.8424682617188,819.96337890625,1006.923095703125
1743434643.1847403,817.94873046875,807.069580078125,819.1575317382812,811.098876953125,1027.4725341796875
1743434643.2032273,835.6776733398438,964.2124633789062,823.5897216796875,830.03662109375,1019.010986328125
1743434643.1847403,853.4066162109375,836.08056640625,826.00732421875,837.2893676757812,1105.238037109375
1743434643.1917315,845.3479614257812,945.6776733398438,825.6043701171875,836.08056640625,1249.4871826171875
1743434643.1927776,838.09521484375,942.8571166992188,832.4542236328125,848.974365234375,1051.245361328125
1743434643.1897392,846.959716796875,956.1538696289062,823.99267578125,836.08056640625,1189.853515625
1743434643.1995027,847.7655639648438,964.2124633789062,824.7985229492188,835.6776733398438,1254.3223876953125
1743434643.1927776,839.7069702148438,971.062255859375,827.6190185546875,823.99267578125,1209.194091796875
1743434643.1797392,836.4835205078125,846.959716796875,825.2014770507812,834.4688720703125,1300.2564697265625
1743434643.190738,832.4542236328125,817.94873046875,823.1868286132812,814.3223266601562,983.1502075195312
1743434643.1927776,830.03662109375,965.018310546875,825.2014770507812,821.5750732421875,1106.4468994140625
1743434643.190738,835.2747192382812,919.4871826171875,828.02197265625,825.2014770507812,1000.879150390625
1743434643.190738,818.3516235351562,894.1025390625,830.03662109375,823.5897216796875,1149.157470703125
1743434643.1927776,845.3479614257812,950.5128173828125,825.2014770507812,851.3919677734375,1125.3846435546875
1743434643.1995027,842.12451171875,963.003662109375,821.97802734375,840.5128173828125,1043.5897216796875
1743434643.1927776,851.3919677734375,948.901123046875,823.1868286132812,844.1392211914062,1030.6959228515625
1743434643.1938035,848.5714111328125,943.6630249023438,821.97802734375,837.2893676757812,1297.8388671875
1743434643.2381353,855.4212646484375,940.03662109375,826.8131713867188,868.7179565429688,995.2380981445312
1743434643.2482412,853.8095092773438,934.3956298828125,831.6483764648438,869.5238037109375,1110.4761962890625
1743434643.2532387,844.1392211914062,933.1868286132812,832.4542236328125,849.3773193359375,1090.7325439453125
1743434643.2582364,841.7216186523438,933.1868286132812,825.2014770507812,838.4981689453125,1041.97802734375
1743434643.2652152,843.7362670898438,946.08056640625,827.6190185546875,840.5128173828125,1066.15380859375
1743434643.2711155,853.4066162109375,957.3626098632812,832.8571166992188,846.5567626953125,1269.230712890625
1743434643.2762399,847.7655639648438,969.047607421875,828.02197265625,838.09521484375,1285.3480224609375
1743434643.2820742,845.7509155273438,970.6593627929688,829.2307739257812,847.3626098632812,1101.6116943359375
1743434643.286243,849.7802124023438,959.7802124023438,833.2600708007812,861.062255859375,1143.5164794921875
1743434643.294229,841.7216186523438,949.3040161132812,832.4542236328125,851.3919677734375,1207.5823974609375
1743434643.3000765,853.4066162109375,944.8717651367188,833.2600708007812,841.7216186523438,1068.5714111328125
1743434643.3080883,862.2710571289062,947.2893676757812,833.6630249023438,835.2747192382812,950.5128173828125
1743434643.3160684,845.3479614257812,939.2307739257812,828.4249267578125,842.12451171875,1099.5970458984375
1743434643.340069,827.2161254882812,930.7692260742188,825.6043701171875,845.3479614257812,1292.19775390625
1743434643.3440685,829.2307739257812,938.4249267578125,829.2307739257812,839.7069702148438,1126.1904296875
1743434643.3470676,841.3186645507812,944.06591796875,833.2600708007812,858.2417602539062,1002.087890625
1743434643.3500679,840.5128173828125,938.02197265625,832.05126953125,858.2417602539062,1087.106201171875
1743434643.3562117,833.2600708007812,932.7838745117188,827.6190185546875,836.4835205078125,1083.076904296875
1743434643.3581848,828.02197265625,931.5750732421875,829.6337280273438,824.7985229492188,1052.05126953125
1743434643.3610692,829.2307739257812,930.3662719726562,830.4395751953125,819.96337890625,1075.4212646484375
1743434643.363184,846.1538696289062,925.1282348632812,826.00732421875,840.10986328125,1340.146484375
1743434643.3652394,851.3919677734375,924.3223266601562,823.99267578125,850.5860595703125,1498.901123046875
1743434643.3680708,850.5860595703125,929.96337890625,828.8278198242188,840.10986328125,1177.765625
1743434643.3710704,833.6630249023438,913.8461303710938,830.8424682617188,817.94873046875,928.3516235351562
1743434643.3702369,840.5128173828125,923.5164794921875,831.6483764648438,829.2307739257812,964.6153564453125
1743434643.3872294,833.2600708007812,912.2344360351562,831.6483764648438,832.05126953125,921.90478515625
1743434643.4001725,827.6190185546875,910.6226806640625,831.6483764648438,845.7509155273438,1000.4761962890625
1743434643.4010687,837.2893676757812,903.3699340820312,827.2161254882812,837.2893676757812,1060.10986328125
1743434643.403187,835.2747192382812,894.5054931640625,826.4102783203125,832.05126953125,1122.1611328125
1743434643.4061518,830.03662109375,886.8497924804688,829.2307739257812,841.7216186523438,1074.6153564453125
1743434643.4091713,839.7069702148438,876.7765502929688,828.4249267578125,839.3040161132812,1060.10986328125
1743434643.4150774,846.959716796875,867.912109375,827.6190185546875,836.08056640625,1131.4285888671875
1743434643.4191318,837.2893676757812,862.6740112304688,827.2161254882812,850.5860595703125,1386.886474609375
1743434643.4201787,825.6043701171875,876.7765502929688,825.6043701171875,846.1538696289062,1334.5054931640625
1743434643.4221668,828.8278198242188,891.2820434570312,824.7985229492188,834.4688720703125,967.8388061523438
1743434643.425174,855.018310546875,894.908447265625,826.8131713867188,845.3479614257812,1009.7435913085938
1743434643.428085,859.8534545898438,902.1611938476562,823.5897216796875,848.1685180664062,1073.4066162109375
1743434643.444182,857.4359130859375,911.8314819335938,823.99267578125,849.7802124023438,1012.5640869140625
1743434643.4451754,844.1392211914062,907.3992919921875,827.2161254882812,846.1538696289062,967.4359130859375
1743434643.449081,832.05126953125,900.5494384765625,831.2454223632812,821.5750732421875,1042.3809814453125
1743434643.4521403,846.959716796875,905.7875366210938,834.4688720703125,832.05126953125,1012.5640869140625
1743434643.4561818,855.018310546875,898.5347900390625,836.4835205078125,841.3186645507812,1042.783935546875
1743434643.4581747,855.018310546875,889.2673950195312,839.7069702148438,844.5421142578125,1253.91943359375
1743434643.4660742,847.7655639648438,884.8351440429688,839.7069702148438,844.1392211914062,1365.93408203125
1743434643.4720745,841.7216186523438,886.8497924804688,835.2747192382812,833.6630249023438,1056.08056640625
1743434643.479174,846.5567626953125,879.5970458984375,834.4688720703125,845.7509155273438,994.029296875
1743434643.4820855,832.4542236328125,869.9267578125,831.2454223632812,841.7216186523438,1046.00732421875
1743434643.4902353,823.1868286132812,868.7179565429688,825.2014770507812,820.3662719726562,1021.8314819335938
1743434643.5090668,822.3809814453125,874.3589477539062,824.3956298828125,828.8278198242188,990.4029541015625
1743434643.511161,822.3809814453125,874.3589477539062,820.3662719726562,827.6190185546875,977.106201171875
1743434643.5130742,829.2307739257812,870.7326049804688,819.5604248046875,838.4981689453125,1282.5274658203125
1743434643.536184,832.4542236328125,880.8058471679688,822.3809814453125,848.5714111328125,1357.069580078125
1743434643.5380719,836.886474609375,882.0146484375,825.6043701171875,839.7069702148438,1057.6922607421875
1743434643.5400746,830.4395751953125,861.8681030273438,826.8131713867188,823.1868286132812,1128.205078125
1743434643.5430703,814.3223266601562,855.018310546875,826.8131713867188,810.2930297851562,1339.7435302734375
1743434643.5461683,820.7692260742188,860.6593627929688,826.8131713867188,820.3662719726562,1207.179443359375
1743434643.5550642,827.6190185546875,860.2564086914062,830.03662109375,835.6776733398438,1029.89013671875
1743434643.5591779,836.4835205078125,855.8241577148438,834.4688720703125,834.4688720703125,1103.223388671875
1743434643.562134,840.915771484375,852.6007080078125,828.02197265625,821.97802734375,1121.3553466796875
1743434643.5661757,834.4688720703125,846.1538696289062,830.8424682617188,827.6190185546875,985.1648559570312
1743434643.5781827,834.8717651367188,836.886474609375,838.901123046875,842.930419921875,988.3883056640625
1743434643.5791745,838.901123046875,828.8278198242188,836.08056640625,848.1685180664062,1193.076904296875
1743434643.580169,839.7069702148438,829.6337280273438,833.6630249023438,849.3773193359375,1189.853515625
1743434643.5832114,826.00732421875,833.6630249023438,831.2454223632812,836.08056640625,972.6740112304688
1743434643.588076,823.99267578125,824.3956298828125,830.4395751953125,827.6190185546875,958.974365234375
1743434643.590177,830.8424682617188,819.96337890625,832.8571166992188,840.915771484375,1100.805908203125
1743434643.5911758,828.02197265625,821.5750732421875,831.2454223632812,844.945068359375,1200.7325439453125
1743434643.5941803,833.2600708007812,823.5897216796875,831.6483764648438,828.02197265625,1144.3223876953125
1743434643.598181,829.6337280273438,823.1868286132812,831.2454223632812,820.3662719726562,1041.172119140625
1743434643.6001742,819.1575317382812,813.113525390625,825.6043701171875,822.3809814453125,1095.164794921875
1743434643.602176,821.1721801757812,807.87548828125,823.5897216796875,818.3516235351562,1109.6702880859375
1743434643.604079,822.7838745117188,809.084228515625,820.7692260742188,825.2014770507812,1019.010986328125
1743434643.6161711,823.5897216796875,808.2783813476562,817.94873046875,820.7692260742188,978.3150024414062
1743434643.6171715,825.2014770507812,801.8314819335938,817.94873046875,818.3516235351562,1190.6593017578125
1743434643.6202078,818.7545776367188,806.2637329101562,821.1721801757812,823.99267578125,1356.6666259765625
1743434643.622177,817.1428833007812,815.1282348632812,821.97802734375,820.7692260742188,1115.7142333984375
1743434643.6231759,831.2454223632812,807.4725341796875,818.7545776367188,850.5860595703125,1047.6190185546875
1743434643.6371903,834.06591796875,803.040283203125,819.96337890625,854.2124633789062,1303.8828125
1743434643.6391737,830.03662109375,810.2930297851562,825.2014770507812,849.3773193359375,1298.24169921875
1743434643.6421762,827.2161254882812,807.87548828125,826.4102783203125,853.8095092773438,1030.6959228515625
1743434643.6441886,832.8571166992188,792.1611938476562,829.6337280273438,850.5860595703125,1044.3956298828125
1743434643.6461716,849.7802124023438,783.6996459960938,832.05126953125,846.5567626953125,1186.6300048828125
1743434643.6481757,847.3626098632812,784.1025390625,830.03662109375,837.2893676757812,1089.9267578125
1743434643.6511912,825.6043701171875,777.2527465820312,825.6043701171875,838.09521484375,1011.3552856445312
1743434643.653175,825.2014770507812,774.4322509765625,823.5897216796875,839.3040161132812,1014.981689453125
1743434643.6561763,822.3809814453125,778.4615478515625,822.7838745117188,833.6630249023438,1025.86083984375
1743434643.6581757,819.5604248046875,785.3113403320312,824.7985229492188,825.6043701171875,952.12451171875
1743434643.6610708,840.915771484375,790.952392578125,829.6337280273438,851.3919677734375,930.7692260742188
1743434643.6671743,843.7362670898438,790.1465454101562,832.05126953125,842.5274658203125,1121.3553466796875
1743434643.6651995,846.1538696289062,791.7582397460938,832.05126953125,865.8974609375,1065.7509765625
1743434643.6691744,833.6630249023438,788.937744140625,835.2747192382812,842.12451171875,1129.010986328125
1743434643.673178,823.5897216796875,788.1318969726562,830.03662109375,832.05126953125,1144.3223876953125
1743434643.6771684,836.4835205078125,785.3113403320312,824.3956298828125,840.10986328125,1263.186767578125
1743434643.6781735,846.1538696289062,788.5347900390625,830.03662109375,859.4505615234375,1391.7215576171875
1743434643.6811686,830.4395751953125,790.952392578125,828.8278198242188,833.2600708007812,1090.7325439453125
1743434643.6851737,827.2161254882812,783.2966918945312,821.97802734375,822.3809814453125,931.97802734375
1743434643.6991744,836.886474609375,784.1025390625,823.99267578125,830.03662109375,999.2673950195312
1743434643.7011738,843.7362670898438,782.4908447265625,820.3662719726562,831.6483764648438,1090.7325439453125
1743434643.7021692,848.974365234375,787.3259887695312,818.7545776367188,843.3333129882812,1069.3773193359375
1743434643.7051883,843.7362670898438,787.7289428710938,825.6043701171875,834.4688720703125,925.93408203125
1743434643.7101765,834.06591796875,782.893798828125,825.2014770507812,830.03662109375,1029.89013671875
1743434643.713172,814.7252807617188,785.7142944335938,826.00732421875,829.2307739257812,1124.981689453125
1743434643.716183,815.93408203125,781.6849975585938,831.6483764648438,826.8131713867188,1121.75830078125
1743434643.7331743,818.7545776367188,786.923095703125,827.2161254882812,823.5897216796875,1175.7509765625
1743434643.7341769,805.4578857421875,777.2527465820312,826.4102783203125,812.3076782226562,1156.813232421875
1743434643.7361715,802.6373901367188,705.1282348632812,829.6337280273438,822.7838745117188,1022.2344360351562
1743434643.7381892,808.6813354492188,640.6593627929688,832.05126953125,820.7692260742188,976.7033081054688
1743434643.74117,828.4249267578125,602.7838745117188,834.8717651367188,816.3369750976562,1120.952392578125
1743434643.7588344,857.4359130859375,566.1171875,835.6776733398438,835.6776733398438,1382.05126953125
1743434643.760858,841.7216186523438,548.7911987304688,834.8717651367188,837.2893676757812,1156.4102783203125
1743434643.7649522,826.4102783203125,536.3003540039062,834.8717651367188,852.6007080078125,905.7875366210938
1743434643.7679567,837.2893676757812,528.2417602539062,831.6483764648438,874.3589477539062,1025.86083984375
1743434643.7729719,831.2454223632812,528.6447143554688,835.2747192382812,843.3333129882812,1051.6483154296875
1743434643.7779498,823.1868286132812,534.6886596679688,840.5128173828125,829.2307739257812,1053.2601318359375
1743434643.7809527,831.2454223632812,538.3150024414062,833.6630249023438,822.3809814453125,1037.5457763671875
1743434643.7839637,829.6337280273438,536.3003540039062,829.2307739257812,813.113525390625,1181.3919677734375
1743434643.7879584,822.7838745117188,543.5531005859375,825.2014770507812,826.4102783203125,1210.0
1743434643.7909598,833.6630249023438,559.6703491210938,821.1721801757812,826.8131713867188,1050.4395751953125
1743434643.7979026,842.12451171875,570.5494384765625,826.8131713867188,826.4102783203125,979.9267578125
1743434643.799964,832.8571166992188,578.2051391601562,830.4395751953125,835.6776733398438,1116.5201416015625
1743434643.8179612,831.6483764648438,588.6813354492188,828.02197265625,834.4688720703125,1174.945068359375
1743434643.8198574,844.5421142578125,599.1575317382812,828.02197265625,833.2600708007812,982.7472534179688
1743434643.8209531,840.10986328125,606.00732421875,833.6630249023438,847.7655639648438,940.4395751953125
1743434643.823946,841.3186645507812,614.06591796875,837.2893676757812,851.3919677734375,1077.8388671875
1743434643.8249602,848.974365234375,623.7362670898438,836.4835205078125,849.3773193359375,1127.3992919921875
1743434643.8329692,843.7362670898438,635.018310546875,836.08056640625,835.2747192382812,984.3589477539062
1743434643.835856,840.915771484375,642.2710571289062,830.8424682617188,834.8717651367188,1116.5201416015625
1743434643.8379567,840.5128173828125,647.5091552734375,827.2161254882812,848.5714111328125,1313.5531005859375
1743434643.8409612,844.1392211914062,661.2088012695312,829.2307739257812,837.6923217773438,1123.3699951171875
1743434643.8588846,845.7509155273438,671.2820434570312,832.4542236328125,828.02197265625,935.2014770507812
1743434643.8621316,839.7069702148438,673.2966918945312,834.8717651367188,830.4395751953125,1029.4871826171875
1743434643.8671565,848.1685180664062,673.2966918945312,830.8424682617188,827.6190185546875,1036.7398681640625
1743434643.882122,855.4212646484375,682.5640869140625,830.8424682617188,841.3186645507812,1070.18310546875
1743434643.8841307,853.8095092773438,687.3992919921875,832.8571166992188,850.989013671875,990.4029541015625
1743434643.8891294,857.032958984375,691.025634765625,828.8278198242188,847.3626098632812,1071.794921875
1743434643.8901312,853.8095092773438,704.7252807617188,828.4249267578125,842.12451171875,1120.5494384765625
1743434643.8941245,857.8388061523438,715.6043701171875,835.2747192382812,851.3919677734375,977.912109375
1743434643.903128,865.091552734375,722.05126953125,834.06591796875,853.8095092773438,1334.1025390625
1743434643.9011264,863.8828125,723.2600708007812,837.6923217773438,858.6447143554688,1019.8168334960938
1743434643.9091246,865.8974609375,722.05126953125,834.06591796875,858.2417602539062,1349.4139404296875
1743434643.9121401,859.4505615234375,733.7362670898438,834.06591796875,847.3626098632812,1000.879150390625
1743434643.9141252,852.1978149414062,736.5567626953125,831.6483764648438,832.05126953125,944.8717651367188
1743434643.9171255,861.062255859375,737.7655639648438,831.2454223632812,841.7216186523438,992.8204956054688
1743434643.9221346,863.8828125,740.5860595703125,834.4688720703125,850.1831665039062,1042.783935546875
1743434643.9411461,851.7948608398438,738.5714111328125,834.4688720703125,835.6776733398438,1039.157470703125
1743434643.9441247,840.915771484375,738.974365234375,826.4102783203125,833.2600708007812,1051.245361328125
1743434643.9461184,840.915771484375,738.974365234375,828.4249267578125,857.4359130859375,1236.5933837890625
1743434643.9521236,837.2893676757812,743.8095092773438,828.4249267578125,852.1978149414062,1226.5201416015625
1743434643.9561262,834.06591796875,749.4505615234375,824.7985229492188,831.2454223632812,1076.22705078125
1743434643.958126,843.7362670898438,751.062255859375,827.6190185546875,828.4249267578125,1116.5201416015625
1743434643.9601252,837.6923217773438,748.2417602539062,826.4102783203125,833.6630249023438,1342.967041015625
1743434643.9631186,824.7985229492188,752.6740112304688,828.8278198242188,828.02197265625,1329.6702880859375
1743434643.9691427,826.00732421875,764.3589477539062,832.8571166992188,826.00732421875,1040.769287109375
1743434643.97214,831.2454223632812,764.3589477539062,835.6776733398438,828.4249267578125,1065.7509765625
1743434643.9751682,836.4835205078125,767.5823974609375,834.4688720703125,829.2307739257812,1007.7289428710938
1743434643.99913,824.7985229492188,774.029296875,826.00732421875,833.2600708007812,842.12451171875
1743434644.0011322,814.3223266601562,780.4761962890625,827.2161254882812,830.8424682617188,866.7033081054688
1743434644.00405,830.8424682617188,786.1171875,832.05126953125,840.10986328125,1025.4578857421875
1743434644.0081468,842.12451171875,787.3259887695312,830.8424682617188,833.2600708007812,1023.4432373046875
1743434644.0100257,826.8131713867188,790.952392578125,826.8131713867188,822.3809814453125,943.6630249023438
1743434644.014126,815.93408203125,795.3846435546875,828.4249267578125,830.4395751953125,961.3919677734375
1743434644.0171492,817.1428833007812,793.3699340820312,828.8278198242188,829.6337280273438,1168.09521484375
1743434644.0191379,823.1868286132812,794.981689453125,826.4102783203125,839.7069702148438,1367.94873046875
1743434644.0240488,830.03662109375,801.8314819335938,828.4249267578125,843.3333129882812,1174.5421142578125
1743434644.0311344,830.4395751953125,799.010986328125,824.7985229492188,834.06591796875,1019.8168334960938
1743434644.034135,823.5897216796875,796.996337890625,823.99267578125,829.6337280273438,1165.6776123046875
1743434644.0360928,819.96337890625,801.4285888671875,828.4249267578125,822.3809814453125,1138.2784423828125
1743434644.0411167,829.2307739257812,805.8607788085938,832.4542236328125,825.6043701171875,979.5238037109375
1743434644.0590212,838.4981689453125,803.8461303710938,834.8717651367188,833.6630249023438,982.7472534179688
1743434644.060115,833.2600708007812,799.8168334960938,832.8571166992188,834.4688720703125,1093.5531005859375
1743434644.0621238,824.7985229492188,803.040283203125,833.6630249023438,833.6630249023438,1211.6116943359375
1743434644.0661297,819.1575317382812,802.6373901367188,836.4835205078125,824.3956298828125,1030.6959228515625
1743434644.0691595,822.3809814453125,796.5933837890625,834.8717651367188,821.5750732421875,1028.2784423828125
1743434644.0731308,829.6337280273438,794.1758422851562,835.2747192382812,839.7069702148438,1280.915771484375
1743434644.0791306,818.7545776367188,799.8168334960938,832.8571166992188,817.1428833007812,1058.4981689453125
1743434644.07603,823.99267578125,796.5933837890625,835.2747192382812,840.5128173828125,1243.040283203125
1743434644.0811422,822.7838745117188,801.4285888671875,832.05126953125,818.7545776367188,1020.6226806640625
1743434644.0871286,826.00732421875,797.8021850585938,832.4542236328125,836.08056640625,1335.3114013671875
1743434644.091173,825.2014770507812,799.4139404296875,835.6776733398438,836.4835205078125,1316.3736572265625
1743434644.094029,838.09521484375,803.040283203125,839.3040161132812,840.5128173828125,940.4395751953125
1743434644.1100209,851.3919677734375,806.2637329101562,835.2747192382812,840.915771484375,981.94140625
1743434644.1240823,837.2893676757812,813.5164794921875,834.8717651367188,826.8131713867188,1021.8314819335938
1743434644.1262133,836.08056640625,812.3076782226562,836.886474609375,819.5604248046875,957.7655639648438
1743434644.127021,844.945068359375,805.054931640625,832.05126953125,820.3662719726562,969.047607421875
1743434644.1318085,833.2600708007812,803.040283203125,831.2454223632812,824.3956298828125,1035.128173828125
1743434644.1356514,834.8717651367188,806.6666870117188,828.02197265625,820.3662719726562,1097.9853515625
1743434644.1390612,828.8278198242188,811.5018310546875,823.99267578125,821.1721801757812,1074.21240234375
1743434644.140845,823.99267578125,814.3223266601562,820.3662719726562,825.6043701171875,984.7619018554688
1743434644.1443617,841.3186645507812,804.6520385742188,819.5604248046875,828.8278198242188,1317.9853515625
1743434644.142552,841.3186645507812,809.89013671875,818.3516235351562,832.4542236328125,1208.3883056640625
1743434644.1473134,834.8717651367188,805.4578857421875,816.7399291992188,812.3076782226562,1021.025634765625
1743434644.1503742,826.00732421875,801.4285888671875,816.7399291992188,807.4725341796875,956.959716796875
1743434644.1642466,828.02197265625,799.8168334960938,819.1575317382812,822.3809814453125,1063.7362060546875
1743434644.1652956,834.8717651367188,801.8314819335938,820.3662719726562,835.2747192382812,1171.7215576171875
1743434644.1673098,838.09521484375,803.4432373046875,824.7985229492188,836.08056640625,1112.893798828125
1743434644.1723218,841.7216186523438,803.040283203125,824.3956298828125,820.3662719726562,1056.886474609375
1743434644.1753001,833.6630249023438,795.7875366210938,821.97802734375,819.5604248046875,1149.96337890625
1743434644.1773038,827.6190185546875,794.5787353515625,823.1868286132812,831.6483764648438,1158.02197265625
1743434644.1822162,822.3809814453125,792.1611938476562,819.96337890625,832.05126953125,1052.857177734375
1743434644.1841948,830.4395751953125,794.981689453125,817.1428833007812,828.8278198242188,1066.5567626953125
1743434644.1873028,837.6923217773438,807.069580078125,816.7399291992188,838.09521484375,1220.4761962890625
1743434644.189293,832.4542236328125,815.1282348632812,813.5164794921875,821.5750732421875,1127.3992919921875
1743434644.1923027,830.4395751953125,813.113525390625,811.098876953125,811.098876953125,953.7362670898438
1743434644.1952958,834.4688720703125,807.4725341796875,817.5457763671875,828.4249267578125,1125.78759765625
1743434644.2123702,844.945068359375,806.6666870117188,822.3809814453125,835.2747192382812,1321.208740234375
1743434644.2153,851.3919677734375,805.8607788085938,819.1575317382812,836.886474609375,1100.805908203125
1743434644.219295,842.930419921875,803.8461303710938,820.3662719726562,830.4395751953125,957.7655639648438
1743434644.233299,827.6190185546875,804.6520385742188,825.2014770507812,830.03662109375,958.974365234375
1743434644.234303,837.6923217773438,808.2783813476562,826.4102783203125,840.5128173828125,1016.996337890625
1743434644.2362914,840.915771484375,807.4725341796875,821.97802734375,844.945068359375,1138.6812744140625
1743434644.239299,838.901123046875,802.6373901367188,822.7838745117188,840.915771484375,1162.05126953125
1743434644.243304,841.3186645507812,802.6373901367188,824.3956298828125,845.7509155273438,1079.4505615234375
1743434644.2473047,835.6776733398438,807.069580078125,820.7692260742188,838.09521484375,1006.5201416015625
1743434644.2503006,846.959716796875,809.89013671875,821.5750732421875,825.6043701171875,973.076904296875
1743434644.2523026,850.1831665039062,811.90478515625,823.99267578125,842.5274658203125,1033.91943359375
1743434644.254295,845.7509155273438,809.4871826171875,826.4102783203125,852.1978149414062,1202.3443603515625
1743434644.273302,840.10986328125,811.90478515625,831.2454223632812,830.03662109375,1204.3590087890625
1743434644.2752993,844.5421142578125,819.96337890625,835.2747192382812,821.97802734375,1000.0732421875
1743434644.2772977,848.974365234375,822.3809814453125,835.6776733398438,833.6630249023438,1034.7252197265625
1743434644.2812984,844.945068359375,813.91943359375,838.4981689453125,842.930419921875,1314.761962890625
1743434644.2833023,850.5860595703125,812.3076782226562,838.09521484375,846.959716796875,1374.798583984375
1743434644.2883036,836.886474609375,813.91943359375,834.4688720703125,838.901123046875,1183.8095703125
1743434644.2932951,826.00732421875,809.4871826171875,835.6776733398438,836.886474609375,1160.842529296875
1743434644.2952983,834.06591796875,808.2783813476562,836.08056640625,841.3186645507812,1257.5457763671875
1743434644.2992988,829.6337280273438,812.7106323242188,833.6630249023438,839.7069702148438,1121.75830078125
1743434644.304325,833.2600708007812,816.3369750976562,831.2454223632812,844.5421142578125,908.6080322265625
1743434644.3072903,834.06591796875,812.7106323242188,825.2014770507812,844.1392211914062,1008.937744140625
1743434644.3113077,825.6043701171875,812.7106323242188,826.00732421875,821.97802734375,1002.893798828125
1743434644.3142977,826.8131713867188,815.1282348632812,828.8278198242188,821.1721801757812,889.2673950195312
1743434644.318293,842.930419921875,811.90478515625,827.6190185546875,827.2161254882812,987.5823974609375
1743434644.322302,846.5567626953125,805.054931640625,828.8278198242188,835.6776733398438,1061.7215576171875
1743434644.329008,842.12451171875,804.2490844726562,832.05126953125,841.3186645507812,1057.6922607421875
1743434644.332579,825.2014770507812,804.6520385742188,830.03662109375,835.2747192382812,1082.6739501953125
1743434644.3594766,814.3223266601562,805.4578857421875,825.6043701171875,843.7362670898438,1026.2637939453125
1743434644.3624513,836.4835205078125,802.2344360351562,825.6043701171875,848.974365234375,1222.893798828125
1743434644.3654547,834.8717651367188,800.2197875976562,825.2014770507812,839.3040161132812,1438.4615478515625
1743434644.3694606,824.3956298828125,811.5018310546875,823.99267578125,818.7545776367188,1108.05859375
1743434644.3824732,828.02197265625,813.5164794921875,823.1868286132812,812.3076782226562,872.7472534179688
1743434644.3864493,820.3662719726562,811.5018310546875,823.99267578125,811.90478515625,968.2417602539062
1743434644.3884592,823.1868286132812,812.7106323242188,828.4249267578125,818.3516235351562,1042.783935546875
1743434644.4054906,818.3516235351562,797.8021850585938,834.4688720703125,832.8571166992188,1001.2820434570312
1743434644.4084551,817.1428833007812,797.8021850585938,834.06591796875,823.5897216796875,1036.3370361328125
1743434644.4124758,818.3516235351562,798.6080322265625,830.03662109375,820.7692260742188,1028.2784423828125
1743434644.415464,812.3076782226562,803.4432373046875,823.5897216796875,814.7252807617188,965.4212646484375
1743434644.4214652,814.7252807617188,810.6959838867188,826.00732421875,811.5018310546875,989.5970458984375
1743434644.4244626,821.97802734375,807.87548828125,828.02197265625,817.5457763671875,1224.5054931640625
1743434644.4294813,817.1428833007812,803.4432373046875,826.00732421875,814.3223266601562,1219.6702880859375
1743434644.452461,819.96337890625,806.6666870117188,823.5897216796875,826.4102783203125,995.2380981445312
1743434644.454464,822.7838745117188,807.87548828125,823.5897216796875,846.5567626953125,1015.3846435546875
1743434644.457457,826.4102783203125,805.054931640625,825.2014770507812,838.09521484375,1290.989013671875
1743434644.4594858,822.7838745117188,808.6813354492188,823.99267578125,823.5897216796875,1288.5714111328125
1743434644.46345,814.7252807617188,809.4871826171875,825.6043701171875,817.1428833007812,991.2088012695312
1743434644.4873557,817.1428833007812,803.8461303710938,827.2161254882812,823.5897216796875,952.5274658203125
1743434644.4903579,826.4102783203125,804.2490844726562,829.2307739257812,837.2893676757812,1059.7069091796875
1743434644.4934087,831.2454223632812,807.069580078125,829.2307739257812,844.945068359375,1053.2601318359375
1743434644.4983568,821.97802734375,815.1282348632812,829.6337280273438,851.7948608398438,997.6557006835938
1743434644.5063536,827.2161254882812,817.94873046875,830.8424682617188,848.5714111328125,989.1941528320312
1743434644.5093608,834.06591796875,807.4725341796875,828.4249267578125,843.7362670898438,1237.80224609375
1743434644.5123599,826.00732421875,803.8461303710938,826.8131713867188,847.3626098632812,1340.952392578125
1743434644.5213542,835.2747192382812,805.8607788085938,826.4102783203125,841.3186645507812,950.915771484375
1743434644.5233614,836.08056640625,802.6373901367188,829.6337280273438,832.4542236328125,944.06591796875
1743434644.5253553,815.93408203125,799.010986328125,830.03662109375,821.5750732421875,1071.3919677734375
1743434644.5303564,813.5164794921875,799.010986328125,827.6190185546875,823.99267578125,952.5274658203125
1743434644.5353658,827.2161254882812,803.8461303710938,827.2161254882812,836.08056640625,1029.89013671875
1743434644.5553517,833.2600708007812,803.040283203125,828.4249267578125,838.4981689453125,1183.4066162109375
1743434644.5573506,824.7985229492188,795.7875366210938,828.4249267578125,828.4249267578125,1180.18310546875
1743434644.5583506,820.7692260742188,794.1758422851562,821.5750732421875,814.7252807617188,1018.2051391601562
1743434644.5663512,822.3809814453125,796.5933837890625,822.7838745117188,816.7399291992188,947.6923217773438
1743434644.5713518,815.1282348632812,792.5640869140625,822.3809814453125,817.1428833007812,1050.842529296875
1743434644.5763497,814.3223266601562,788.937744140625,819.96337890625,826.8131713867188,1195.4945068359375
1743434644.5803487,818.3516235351562,785.3113403320312,821.5750732421875,836.08056640625,1160.842529296875
1743434644.583349,814.3223266601562,784.5054931640625,821.1721801757812,830.8424682617188,1062.930419921875
1743434644.5853524,808.2783813476562,784.5054931640625,821.97802734375,831.6483764648438,1187.032958984375
1743434644.6073503,815.1282348632812,794.981689453125,821.5750732421875,833.2600708007812,1311.94140625
1743434644.60935,821.97802734375,805.4578857421875,818.7545776367188,817.5457763671875,1077.8388671875
1743434644.6113534,826.00732421875,801.4285888671875,818.7545776367188,811.90478515625,947.6923217773438
1743434644.6443648,823.99267578125,795.3846435546875,826.4102783203125,822.3809814453125,1009.7435913085938
1743434644.6463661,829.2307739257812,790.5494384765625,830.8424682617188,826.00732421875,1124.5787353515625
1743434644.6473637,828.02197265625,788.5347900390625,826.8131713867188,836.08056640625,1145.93408203125
1743434644.6524632,821.5750732421875,787.3259887695312,826.4102783203125,854.2124633789062,1043.186767578125
1743434644.6554868,834.4688720703125,788.937744140625,832.8571166992188,855.018310546875,1315.164794921875
1743434644.6584601,818.7545776367188,793.7728881835938,832.4542236328125,834.4688720703125,1388.901123046875
1743434644.6624694,813.91943359375,783.6996459960938,832.05126953125,829.2307739257812,1075.82421875
1743434644.6605122,806.2637329101562,792.1611938476562,831.6483764648438,818.3516235351562,1036.7398681640625
1743434644.6654696,813.91943359375,787.3259887695312,831.2454223632812,828.02197265625,1166.886474609375
1743434644.671458,816.3369750976562,797.3992919921875,828.8278198242188,817.94873046875,1012.967041015625
1743434644.6744678,816.7399291992188,795.7875366210938,824.7985229492188,811.90478515625,866.3003540039062
1743434644.677462,821.1721801757812,792.967041015625,825.6043701171875,820.3662719726562,963.8095092773438
1743434644.6834528,829.6337280273438,798.6080322265625,831.2454223632812,839.7069702148438,1244.6519775390625
1743434644.6864605,829.6337280273438,803.8461303710938,832.8571166992188,842.930419921875,1155.201416015625
1743434644.692461,822.7838745117188,802.2344360351562,834.8717651367188,840.915771484375,990.4029541015625
1743434644.694458,821.5750732421875,797.8021850585938,832.4542236328125,836.4835205078125,1054.4688720703125
1743434644.6994655,818.3516235351562,798.6080322265625,832.8571166992188,832.8571166992188,1080.6593017578125
1743434644.7054627,828.02197265625,804.2490844726562,838.09521484375,843.7362670898438,1050.842529296875
1743434644.7064593,853.003662109375,803.8461303710938,836.4835205078125,873.5531005859375,1054.06591796875
1743434644.7094579,853.4066162109375,795.3846435546875,834.06591796875,880.0,1201.5384521484375
1743434644.7134576,833.6630249023438,796.1904907226562,836.08056640625,852.6007080078125,1368.754638671875
1743434644.7174551,824.7985229492188,807.4725341796875,838.901123046875,817.1428833007812,1103.6263427734375
1743434644.7214694,832.05126953125,809.89013671875,838.09521484375,813.91943359375,904.1758422851562
1743434644.7434616,838.09521484375,805.054931640625,834.06591796875,822.7838745117188,893.2966918945312
1743434644.7644932,833.2600708007812,803.8461303710938,829.2307739257812,820.3662719726562,869.9267578125
1743434644.769474,830.4395751953125,805.054931640625,829.2307739257812,821.97802734375,1001.6849975585938
1743434644.7714694,824.3956298828125,804.6520385742188,830.03662109375,820.3662719726562,1088.7178955078125
1743434644.778492,826.4102783203125,802.6373901367188,830.8424682617188,835.2747192382812,1137.069580078125
1743434644.7814608,841.3186645507812,805.054931640625,832.4542236328125,850.1831665039062,1126.1904296875
1743434644.7844422,850.989013671875,808.2783813476562,832.4542236328125,847.3626098632812,1019.4139404296875
1743434644.78847,844.945068359375,808.2783813476562,829.2307739257812,841.7216186523438,1050.03662109375
1743434644.7914681,834.8717651367188,803.4432373046875,832.05126953125,833.6630249023438,1331.2821044921875
1743434644.7944567,832.4542236328125,806.2637329101562,836.886474609375,834.4688720703125,1280.915771484375
1743434644.7984567,832.05126953125,810.2930297851562,832.4542236328125,836.886474609375,984.3589477539062
1743434644.8114588,828.8278198242188,799.010986328125,829.6337280273438,827.2161254882812,1070.989013671875
1743434644.8204563,819.1575317382812,792.5640869140625,827.2161254882812,812.7106323242188,1109.2674560546875
1743434644.8604589,817.1428833007812,792.1611938476562,823.99267578125,812.3076782226562,978.7179565429688
1743434644.86746,815.1282348632812,789.3406372070312,821.5750732421875,815.93408203125,956.5567626953125
1743434644.8714683,828.4249267578125,791.7582397460938,819.5604248046875,826.4102783203125,1057.2894287109375
1743434644.8774626,835.2747192382812,796.5933837890625,819.96337890625,835.6776733398438,1070.989013671875
1743434644.8824594,830.4395751953125,803.4432373046875,824.7985229492188,842.5274658203125,1015.7875366210938
1743434644.8874676,833.6630249023438,807.4725341796875,831.2454223632812,846.5567626953125,1062.5274658203125
1743434644.8943589,832.4542236328125,804.6520385742188,832.05126953125,838.4981689453125,1184.6153564453125
1743434644.892486,825.2014770507812,804.6520385742188,831.6483764648438,838.901123046875,1245.054931640625
1743434644.899464,846.959716796875,806.2637329101562,828.02197265625,835.2747192382812,1058.901123046875
1743434644.9004817,830.4395751953125,805.8607788085938,826.4102783203125,828.8278198242188,1074.21240234375
1743434644.9024584,834.4688720703125,802.2344360351562,828.8278198242188,836.08056640625,1101.208740234375
1743434644.9074616,850.5860595703125,804.6520385742188,826.8131713867188,838.09521484375,1284.945068359375
1743434644.9334922,841.7216186523438,812.3076782226562,823.1868286132812,832.05126953125,1111.6849365234375
1743434644.9484625,838.4981689453125,807.4725341796875,819.1575317382812,834.06591796875,991.6116943359375
1743434644.9514635,841.3186645507812,800.2197875976562,819.1575317382812,843.3333129882812,1238.6080322265625
1743434644.953459,835.6776733398438,801.8314819335938,821.5750732421875,848.1685180664062,1107.2528076171875
1743434644.9574971,838.4981689453125,805.054931640625,831.6483764648438,834.8717651367188,968.6447143554688
1743434644.9565084,830.8424682617188,804.2490844726562,826.00732421875,844.5421142578125,846.5567626953125
1743434644.9643602,845.3479614257812,802.2344360351562,834.4688720703125,836.4835205078125,1249.084228515625
1743434644.967461,842.930419921875,804.2490844726562,836.08056640625,838.901123046875,1180.5860595703125
1743434644.9694533,850.5860595703125,804.2490844726562,836.886474609375,839.3040161132812,853.003662109375
1743434644.97246,846.5567626953125,801.025634765625,835.6776733398438,836.08056640625,885.6410522460938
1743434644.9764674,836.886474609375,798.2051391601562,831.2454223632812,829.2307739257812,1035.93408203125
1743434644.9794643,841.3186645507812,797.3992919921875,830.03662109375,834.8717651367188,1003.6996459960938
1743434644.996474,839.7069702148438,801.4285888671875,832.8571166992188,838.09521484375,961.7948608398438
1743434644.9984808,838.901123046875,798.2051391601562,834.4688720703125,842.930419921875,1080.6593017578125
1743434645.0014837,835.2747192382812,804.2490844726562,834.4688720703125,844.1392211914062,1133.84619140625
1743434645.0034618,836.886474609375,813.5164794921875,834.8717651367188,846.1538696289062,1001.2820434570312
1743434645.007451,846.1538696289062,814.3223266601562,838.09521484375,850.5860595703125,983.9560546875
1743434645.011469,840.5128173828125,807.4725341796875,833.6630249023438,850.989013671875,1145.128173828125
1743434645.0134625,832.8571166992188,801.8314819335938,830.03662109375,842.930419921875,1296.22705078125
1743434645.0154593,834.8717651367188,807.069580078125,834.8717651367188,832.05126953125,1119.3406982421875
1743434645.0204613,832.4542236328125,809.89013671875,834.4688720703125,834.06591796875,978.3150024414062
1743434645.022475,843.3333129882812,808.6813354492188,835.6776733398438,841.3186645507812,1174.5421142578125
1743434645.024462,842.930419921875,811.90478515625,836.4835205078125,846.1538696289062,1217.2528076171875
1743434645.0254557,833.2600708007812,814.3223266601562,832.05126953125,842.5274658203125,994.4322509765625
1743434645.0414624,832.4542236328125,807.069580078125,829.6337280273438,822.3809814453125,956.1538696289062
1743434645.0434744,827.2161254882812,799.8168334960938,831.6483764648438,819.5604248046875,949.7069702148438
1743434645.0444558,830.8424682617188,801.8314819335938,832.8571166992188,833.2600708007812,955.7509155273438
1743434645.0603626,834.06591796875,805.4578857421875,828.8278198242188,830.4395751953125,969.8534545898438
1743434645.0624545,830.4395751953125,803.8461303710938,829.6337280273438,823.1868286132812,985.5677490234375
1743434645.0674584,818.3516235351562,795.3846435546875,828.8278198242188,841.3186645507812,1392.930419921875
1743434645.0654678,817.1428833007812,794.1758422851562,830.8424682617188,828.02197265625,1349.010986328125
1743434645.0684655,834.06591796875,805.4578857421875,828.02197265625,834.4688720703125,1034.3223876953125
1743434645.0734656,826.4102783203125,798.2051391601562,826.4102783203125,828.4249267578125,1090.7325439453125
1743434645.0775425,817.5457763671875,805.4578857421875,826.8131713867188,822.3809814453125,1028.2784423828125
1743434645.0804715,813.91943359375,808.6813354492188,830.4395751953125,827.6190185546875,939.6337280273438
1743434645.083473,832.8571166992188,815.5311279296875,833.6630249023438,835.6776733398438,1060.5128173828125
1743434645.0864694,838.4981689453125,830.4395751953125,831.2454223632812,842.12451171875,1089.120849609375
1743434645.088464,824.7985229492188,836.4835205078125,824.7985229492188,825.2014770507812,1016.996337890625
1743434645.0904603,823.5897216796875,858.2417602539062,826.8131713867188,811.5018310546875,1077.8388671875
1743434645.0924673,831.2454223632812,906.5933837890625,831.2454223632812,828.4249267578125,1167.2894287109375
1743434645.0983627,832.4542236328125,947.6923217773438,831.6483764648438,838.4981689453125,1222.4908447265625
1743434645.1004608,836.08056640625,967.032958984375,830.03662109375,835.2747192382812,1193.8828125
1743434645.1014607,837.6923217773438,977.912109375,830.8424682617188,838.4981689453125,1052.05126953125
1743434645.104459,832.4542236328125,978.7179565429688,836.4835205078125,843.7362670898438,1172.5274658203125
1743434645.10846,823.5897216796875,972.6740112304688,834.4688720703125,837.6923217773438,1225.3114013671875
1743434645.1104662,822.7838745117188,970.6593627929688,828.4249267578125,833.6630249023438,925.93408203125
1743434645.1124685,833.2600708007812,966.6300659179688,830.8424682617188,836.4835205078125,908.6080322265625
1743434645.128466,832.4542236328125,962.6007080078125,830.8424682617188,826.00732421875,975.091552734375
1743434645.1304586,828.4249267578125,960.5860595703125,830.03662109375,823.1868286132812,1058.09521484375
1743434645.1315002,825.6043701171875,956.959716796875,824.7985229492188,827.6190185546875,993.6264038085938
1743434645.1344595,830.03662109375,945.6776733398438,826.4102783203125,827.6190185546875,904.981689453125
1743434645.1374574,842.12451171875,938.8278198242188,833.2600708007812,834.4688720703125,1106.849853515625
1743434645.1544938,842.930419921875,937.2161254882812,832.05126953125,838.4981689453125,1153.99267578125
1743434645.1554642,835.2747192382812,932.3809814453125,830.4395751953125,836.886474609375,1095.164794921875
1743434645.1574578,833.6630249023438,924.3223266601562,832.4542236328125,833.6630249023438,1122.5640869140625
1743434645.160465,833.2600708007812,911.025634765625,832.05126953125,841.7216186523438,1353.040283203125
1743434645.1654825,839.3040161132812,916.2637329101562,828.4249267578125,846.1538696289062,1348.205078125
1743434645.16836,846.5567626953125,927.5457763671875,829.6337280273438,847.7655639648438,1003.6996459960938
1743434645.1704657,840.915771484375,915.054931640625,829.6337280273438,853.4066162109375,985.5677490234375
1743434645.1884775,834.06591796875,906.1904907226562,825.6043701171875,834.4688720703125,950.5128173828125
1743434645.1894639,830.03662109375,909.8168334960938,821.97802734375,827.2161254882812,868.7179565429688
1743434645.1944544,828.8278198242188,900.1465454101562,823.5897216796875,830.03662109375,968.6447143554688
1743434645.198464,828.8278198242188,921.90478515625,828.02197265625,826.4102783203125,1082.6739501953125
1743434645.2004602,829.2307739257812,1002.087890625,828.02197265625,823.1868286132812,1057.2894287109375
1743434645.2024686,820.3662719726562,1062.930419921875,828.4249267578125,819.96337890625,1102.820556640625
1743434645.206461,817.1428833007812,1084.2857666015625,827.6190185546875,811.098876953125,1118.937744140625
1743434645.2104719,826.00732421875,1085.8974609375,829.2307739257812,824.3956298828125,1210.805908203125
1743434645.2124596,830.4395751953125,1085.091552734375,832.8571166992188,834.8717651367188,1382.857177734375
1743434645.2154593,822.7838745117188,1091.94140625,831.2454223632812,817.5457763671875,1135.054931640625
1743434645.2184706,808.2783813476562,1083.076904296875,829.2307739257812,811.5018310546875,949.3040161132812
1743434645.2204683,816.3369750976562,1073.4066162109375,832.4542236328125,826.4102783203125,1034.3223876953125
1743434645.2354548,830.03662109375,1070.5860595703125,834.4688720703125,843.3333129882812,1008.1318969726562
1743434645.2374582,824.7985229492188,1059.3040771484375,832.4542236328125,831.6483764648438,1039.5604248046875
1743434645.2424674,825.2014770507812,1046.813232421875,828.8278198242188,814.3223266601562,1142.3077392578125
1743434645.2444754,828.8278198242188,1037.142822265625,827.6190185546875,816.3369750976562,1197.106201171875
1743434645.2464607,824.3956298828125,1032.3077392578125,833.2600708007812,820.7692260742188,1089.9267578125
1743434645.2484636,830.4395751953125,1029.084228515625,832.4542236328125,818.3516235351562,950.10986328125
1743434645.2534652,844.5421142578125,1016.5933837890625,828.8278198242188,819.5604248046875,1101.6116943359375
1743434645.2684157,840.5128173828125,1002.893798828125,832.05126953125,819.96337890625,1280.5128173828125
1743434645.269453,832.05126953125,1001.2820434570312,832.8571166992188,824.3956298828125,1134.6519775390625
1743434645.2724571,830.03662109375,996.4468994140625,831.6483764648438,812.7106323242188,904.1758422851562
1743434645.2764034,830.4395751953125,976.3003540039062,826.8131713867188,816.7399291992188,1071.794921875
1743434645.278164,833.2600708007812,959.3773193359375,828.8278198242188,834.06591796875,1183.003662109375
1743434645.2951584,831.6483764648438,952.930419921875,835.6776733398438,833.6630249023438,967.8388061523438
1743434645.2981555,826.8131713867188,943.6630249023438,835.6776733398438,830.4395751953125,913.040283203125
1743434645.3001907,830.03662109375,930.7692260742188,836.4835205078125,828.8278198242188,1002.893798828125
1743434645.3031487,834.8717651367188,921.90478515625,831.6483764648438,831.6483764648438,1034.3223876953125
1743434645.3101516,833.2600708007812,912.2344360351562,831.6483764648438,831.2454223632812,1051.6483154296875
1743434645.3131492,837.6923217773438,896.5201416015625,836.886474609375,842.12451171875,1099.5970458984375
1743434645.315155,845.7509155273438,880.4029541015625,835.2747192382812,847.7655639648438,1272.4542236328125
1743434645.3211565,834.06591796875,871.94140625,831.2454223632812,834.8717651367188,1277.2894287109375
1743434645.324155,824.3956298828125,869.9267578125,831.2454223632812,827.2161254882812,992.0146484375
1743434645.3261595,840.10986328125,865.4945068359375,831.2454223632812,835.2747192382812,1007.7289428710938
1743434645.3321707,844.5421142578125,853.8095092773438,831.2454223632812,839.7069702148438,1106.849853515625
1743434645.3361554,836.4835205078125,847.3626098632812,836.4835205078125,831.6483764648438,1058.901123046875
1743434645.356054,830.8424682617188,846.1538696289062,836.886474609375,823.5897216796875,1060.10986328125
1743434645.3571475,836.4835205078125,838.09521484375,832.4542236328125,828.02197265625,1091.94140625
1743434645.3601205,841.3186645507812,830.4395751953125,831.6483764648438,834.4688720703125,1278.901123046875
1743434645.36525,841.7216186523438,836.08056640625,832.05126953125,834.4688720703125,1256.3370361328125
1743434645.3691764,842.5274658203125,830.4395751953125,828.4249267578125,827.2161254882812,1028.2784423828125
1743434645.3671062,842.12451171875,836.886474609375,829.6337280273438,828.4249267578125,979.120849609375
1743434645.3751736,849.3773193359375,826.00732421875,830.8424682617188,830.8424682617188,1191.8681640625
1743434645.3780851,847.3626098632812,827.6190185546875,833.2600708007812,842.12451171875,1148.754638671875
1743434645.3801472,840.5128173828125,826.00732421875,832.8571166992188,843.3333129882812,1008.1318969726562
1743434645.4030588,840.5128173828125,818.3516235351562,829.6337280273438,828.8278198242188,1075.4212646484375
1743434645.406158,839.7069702148438,819.96337890625,830.03662109375,821.97802734375,1120.146484375
1743434645.412158,835.6776733398438,821.5750732421875,830.8424682617188,815.5311279296875,969.4505615234375
1743434645.4150736,840.10986328125,820.3662719726562,831.6483764648438,821.1721801757812,912.6373901367188
1743434645.4191594,844.945068359375,819.5604248046875,836.4835205078125,835.2747192382812,1054.871826171875
1743434645.4240527,836.08056640625,820.7692260742188,832.05126953125,831.2454223632812,1126.1904296875
1743434645.4280515,832.05126953125,820.3662719726562,829.2307739257812,816.7399291992188,1037.142822265625
1743434645.4342067,838.4981689453125,815.93408203125,832.05126953125,819.1575317382812,917.069580078125
1743434645.437153,841.3186645507812,810.2930297851562,826.8131713867188,827.6190185546875,1122.1611328125
1743434645.440125,827.6190185546875,810.2930297851562,830.8424682617188,832.4542236328125,1400.989013671875
1743434645.4461873,826.00732421875,815.93408203125,832.8571166992188,830.03662109375,1184.21240234375
1743434645.4500787,828.8278198242188,811.5018310546875,831.2454223632812,832.8571166992188,977.106201171875
1743434645.4551659,823.99267578125,804.2490844726562,830.8424682617188,832.05126953125,1057.6922607421875
1743434645.4581823,834.8717651367188,806.6666870117188,828.02197265625,828.8278198242188,1012.967041015625
1743434645.46215,840.10986328125,814.7252807617188,831.2454223632812,834.06591796875,854.6153564453125
1743434645.4852247,843.3333129882812,814.7252807617188,835.2747192382812,830.4395751953125,963.4066162109375
1743434645.4872122,836.08056640625,805.8607788085938,833.2600708007812,823.1868286132812,1094.761962890625
1743434645.4911773,828.8278198242188,803.8461303710938,830.4395751953125,826.8131713867188,1080.6593017578125
1743434645.4952557,838.901123046875,807.87548828125,826.8131713867188,836.4835205078125,989.1941528320312
1743434645.5011845,846.5567626953125,803.4432373046875,827.6190185546875,844.945068359375,1006.923095703125
1743434645.5071542,843.3333129882812,796.1904907226562,836.886474609375,846.959716796875,1317.9853515625
1743434645.5120628,837.2893676757812,801.4285888671875,836.08056640625,838.901123046875,1350.6226806640625
1743434645.5160575,830.4395751953125,802.6373901367188,826.4102783203125,823.99267578125,1057.2894287109375
1743434645.5230556,835.2747192382812,798.2051391601562,826.4102783203125,832.4542236328125,1027.4725341796875
1743434645.5271556,844.1392211914062,795.3846435546875,833.2600708007812,853.003662109375,1273.6629638671875
1743434645.5331812,840.915771484375,805.4578857421875,834.4688720703125,852.6007080078125,1257.94873046875
1743434645.5563214,839.3040161132812,809.4871826171875,832.05126953125,836.886474609375,1052.4542236328125
1743434645.5712452,834.4688720703125,801.8314819335938,828.02197265625,828.8278198242188,1035.128173828125
1743434645.573264,831.6483764648438,801.025634765625,824.3956298828125,830.03662109375,1037.142822265625
1743434645.5742514,840.915771484375,799.4139404296875,820.3662719726562,830.4395751953125,1029.084228515625
1743434645.5772343,841.3186645507812,807.4725341796875,822.3809814453125,830.4395751953125,1038.754638671875
1743434645.5782359,839.7069702148438,808.6813354492188,828.8278198242188,835.6776733398438,1085.4945068359375
1743434645.5802364,836.886474609375,799.8168334960938,822.3809814453125,830.03662109375,1171.3187255859375
1743434645.5832388,835.2747192382812,801.025634765625,822.7838745117188,823.99267578125,1157.216064453125
1743434645.5882435,841.7216186523438,806.2637329101562,832.8571166992188,832.05126953125,1039.157470703125
1743434645.5902317,842.12451171875,801.8314819335938,833.6630249023438,846.5567626953125,1218.4615478515625
1743434645.5912426,833.2600708007812,799.4139404296875,832.05126953125,855.8241577148438,1323.223388671875
1743434645.5932484,829.6337280273438,813.113525390625,830.8424682617188,838.09521484375,1014.1758422851562
1743434645.5972555,834.4688720703125,816.7399291992188,828.8278198242188,833.6630249023438,937.6190185546875
1743434645.6102436,832.4542236328125,809.4871826171875,829.2307739257812,836.4835205078125,1035.93408203125
1743434645.6112392,836.08056640625,809.4871826171875,825.6043701171875,839.3040161132812,1076.6300048828125
1743434645.6132376,837.6923217773438,814.7252807617188,826.00732421875,851.7948608398438,1037.5457763671875
1743434645.6172442,847.3626098632812,814.3223266601562,826.00732421875,837.2893676757812,1109.6702880859375
1743434645.6142347,836.4835205078125,814.7252807617188,828.02197265625,839.7069702148438,948.4981689453125
1743434645.6212337,845.3479614257812,817.94873046875,829.6337280273438,853.003662109375,1195.091552734375
1743434645.624237,842.5274658203125,819.5604248046875,830.03662109375,853.003662109375,1143.5164794921875
1743434645.627248,834.4688720703125,813.113525390625,825.2014770507812,840.915771484375,1114.1025390625
1743434645.6342318,837.2893676757812,816.3369750976562,831.2454223632812,844.5421142578125,1065.3480224609375
1743434645.6362371,844.5421142578125,823.5897216796875,830.4395751953125,842.12451171875,888.05859375
1743434645.6322289,832.4542236328125,809.4871826171875,827.6190185546875,846.5567626953125,1159.6336669921875
1743434645.6432376,843.3333129882812,818.3516235351562,827.6190185546875,838.901123046875,1058.09521484375
1743434645.662245,837.6923217773438,817.5457763671875,828.02197265625,835.6776733398438,1109.2674560546875
1743434645.683235,836.08056640625,823.1868286132812,833.6630249023438,844.5421142578125,924.7252807617188
1743434645.6852455,835.2747192382812,820.7692260742188,836.886474609375,845.7509155273438,910.6226806640625
1743434645.6881964,845.3479614257812,816.7399291992188,833.6630249023438,847.7655639648438,1043.5897216796875
1743434645.6922557,857.8388061523438,817.94873046875,831.6483764648438,843.3333129882812,1030.6959228515625
1743434645.6972332,853.4066162109375,818.3516235351562,830.8424682617188,849.3773193359375,1049.6336669921875
1743434645.7002401,842.5274658203125,814.7252807617188,838.09521484375,850.5860595703125,1100.805908203125
1743434645.702236,837.6923217773438,811.90478515625,844.945068359375,837.6923217773438,1229.3406982421875
1743434645.7052355,843.7362670898438,813.113525390625,837.6923217773438,842.5274658203125,1332.4908447265625
1743434645.7082415,848.5714111328125,817.94873046875,831.6483764648438,830.8424682617188,996.8497924804688
1743434645.7112346,838.4981689453125,811.5018310546875,831.2454223632812,816.7399291992188,944.4688720703125
1743434645.7172601,823.5897216796875,804.2490844726562,832.4542236328125,821.97802734375,1035.5311279296875
1743434645.7352362,826.4102783203125,801.8314819335938,831.6483764648438,821.1721801757812,1004.1025390625
1743434645.737241,844.1392211914062,805.054931640625,830.8424682617188,821.97802734375,1037.142822265625
1743434645.7402697,844.1392211914062,812.7106323242188,829.2307739257812,822.7838745117188,1017.8021850585938
1743434645.743239,842.5274658203125,807.069580078125,830.8424682617188,839.7069702148438,1245.4578857421875
1743434645.7462406,835.2747192382812,803.8461303710938,830.03662109375,838.09521484375,1283.7362060546875
1743434645.7502375,821.1721801757812,812.3076782226562,822.3809814453125,822.3809814453125,1031.098876953125
1743434645.7552445,826.00732421875,811.5018310546875,826.4102783203125,838.09521484375,1097.5823974609375
1743434645.7562366,835.6776733398438,802.6373901367188,836.4835205078125,847.3626098632812,1224.908447265625
1743434645.759247,834.06591796875,813.5164794921875,837.2893676757812,836.4835205078125,1075.4212646484375
1743434645.7622433,832.4542236328125,819.96337890625,831.6483764648438,828.8278198242188,913.4432373046875
1743434645.7642357,835.2747192382812,817.5457763671875,829.6337280273438,826.8131713867188,998.8644409179688
1743434645.7672448,840.915771484375,820.7692260742188,833.6630249023438,828.02197265625,1022.6373901367188
1743434645.7842455,843.7362670898438,817.94873046875,829.6337280273438,826.4102783203125,969.8534545898438
1743434645.7872458,838.901123046875,808.6813354492188,821.97802734375,826.00732421875,944.4688720703125
1743434645.7892346,825.6043701171875,801.025634765625,826.00732421875,828.02197265625,1133.040283203125
1743434645.80524,822.7838745117188,802.2344360351562,827.6190185546875,833.2600708007812,1145.128173828125
1743434645.8082442,832.4542236328125,805.8607788085938,823.99267578125,837.2893676757812,985.5677490234375
1743434645.809237,837.6923217773438,806.6666870117188,826.00732421875,840.915771484375,1013.3699340820312
1743434645.8122413,842.5274658203125,803.8461303710938,829.2307739257812,850.5860595703125,1185.82421875
1743434645.821165,842.930419921875,800.6226806640625,831.6483764648438,850.5860595703125,1304.6885986328125
1743434645.8242617,830.4395751953125,803.8461303710938,829.6337280273438,836.08056640625,1089.9267578125
1743434645.8271375,837.2893676757812,806.6666870117188,829.6337280273438,835.6776733398438,1019.010986328125
1743434645.8322468,849.3773193359375,809.89013671875,828.8278198242188,835.2747192382812,1058.901123046875
1743434645.8352494,843.7362670898438,813.5164794921875,830.03662109375,830.8424682617188,1054.871826171875
1743434645.8402023,843.7362670898438,813.5164794921875,830.4395751953125,834.4688720703125,993.2234497070312
1743434645.844272,838.901123046875,809.4871826171875,830.03662109375,840.5128173828125,1039.5604248046875
1743434645.8462417,834.06591796875,807.4725341796875,828.8278198242188,840.5128173828125,1251.098876953125
1743434645.8491383,836.4835205078125,811.5018310546875,825.2014770507812,838.901123046875,1162.05126953125
1743434645.8531396,840.10986328125,813.5164794921875,827.2161254882812,836.886474609375,965.8241577148438
1743434645.857247,844.1392211914062,811.098876953125,832.8571166992188,834.4688720703125,1071.794921875
1743434645.8612907,832.05126953125,805.4578857421875,830.8424682617188,834.06591796875,1307.106201171875
1743434645.865238,826.4102783203125,812.7106323242188,834.06591796875,833.2600708007812,1222.087890625
1743434645.867238,844.1392211914062,819.96337890625,840.915771484375,835.2747192382812,956.1538696289062
1743434645.8692462,843.3333129882812,818.3516235351562,835.6776733398438,846.959716796875,985.970703125
1743434645.8772452,835.6776733398438,819.5604248046875,833.6630249023438,849.3773193359375,1154.3956298828125
1743434645.8792408,835.2747192382812,825.6043701171875,838.901123046875,832.8571166992188,1031.90478515625
1743434645.897259,837.6923217773438,826.8131713867188,843.3333129882812,830.8424682617188,921.098876953125
1743434645.9002445,848.974365234375,821.5750732421875,841.3186645507812,841.3186645507812,1060.915771484375
1743434645.9022279,844.945068359375,823.99267578125,836.886474609375,840.5128173828125,1089.9267578125
1743434645.9062338,844.945068359375,827.2161254882812,838.4981689453125,840.10986328125,973.8828125
1743434645.9102888,846.5567626953125,826.4102783203125,836.08056640625,836.886474609375,921.90478515625
1743434645.9271584,850.989013671875,824.3956298828125,835.2747192382812,836.4835205078125,1133.84619140625
1743434645.929266,853.4066162109375,829.2307739257812,838.901123046875,845.3479614257812,1308.7178955078125
1743434645.9322443,857.8388061523438,839.7069702148438,836.08056640625,834.8717651367188,1169.7069091796875
1743434645.9352562,866.3003540039062,856.2271118164062,835.6776733398438,830.8424682617188,1010.952392578125
1743434645.9381702,854.6153564453125,856.2271118164062,838.09521484375,834.4688720703125,1129.4139404296875
1743434645.9432364,848.5714111328125,853.003662109375,840.10986328125,835.6776733398438,1265.201416015625
1743434645.9452753,851.3919677734375,861.8681030273438,837.2893676757812,832.4542236328125,1034.3223876953125
1743434645.9622838,850.5860595703125,863.8828125,838.901123046875,829.2307739257812,933.1868286132812
1743434645.9671881,852.6007080078125,860.2564086914062,838.09521484375,830.8424682617188,1151.172119140625
1743434645.9731798,851.3919677734375,857.4359130859375,833.6630249023438,820.7692260742188,1166.08056640625
1743434645.976239,851.7948608398438,858.6447143554688,836.4835205078125,820.3662719726562,935.6043701171875
1743434645.9822981,853.003662109375,852.1978149414062,836.08056640625,829.6337280273438,942.8571166992188
1743434645.9892523,859.047607421875,846.959716796875,836.886474609375,845.7509155273438,1228.937744140625
1743434645.9922895,857.4359130859375,850.989013671875,839.7069702148438,848.5714111328125,1287.765625
1743434645.998218,849.3773193359375,853.4066162109375,834.4688720703125,832.4542236328125,1007.7289428710938
1743434646.003308,852.1978149414062,845.3479614257812,830.4395751953125,828.4249267578125,972.2710571289062
1743434646.0073607,854.6153564453125,831.6483764648438,827.2161254882812,835.6776733398438,1134.2490234375
1743434646.011298,851.3919677734375,833.2600708007812,831.2454223632812,828.02197265625,1074.21240234375
1743434646.0162632,849.3773193359375,842.930419921875,838.4981689453125,826.4102783203125,927.5457763671875
1743434646.039138,844.945068359375,840.10986328125,837.2893676757812,823.1868286132812,1039.5604248046875
1743434646.0423024,838.09521484375,831.2454223632812,833.6630249023438,819.5604248046875,1108.05859375
1743434646.0471535,836.886474609375,832.05126953125,830.03662109375,827.6190185546875,958.5714111328125
1743434646.053278,840.915771484375,830.8424682617188,826.4102783203125,822.3809814453125,957.3626098632812
1743434646.0562422,837.2893676757812,829.2307739257812,819.96337890625,822.3809814453125,1063.7362060546875
1743434646.0611718,840.5128173828125,828.8278198242188,823.5897216796875,826.00732421875,1127.80224609375
1743434646.0673122,843.7362670898438,828.4249267578125,828.8278198242188,821.97802734375,1054.4688720703125
1743434646.0863035,836.4835205078125,823.5897216796875,819.96337890625,819.5604248046875,969.8534545898438
1743434646.0893202,842.12451171875,815.93408203125,819.96337890625,826.00732421875,1180.18310546875
1743434646.0912504,848.5714111328125,822.3809814453125,827.6190185546875,830.8424682617188,1309.120849609375
1743434646.0941381,844.1392211914062,833.2600708007812,834.8717651367188,826.8131713867188,1047.6190185546875
1743434646.1002269,838.09521484375,830.4395751953125,836.886474609375,817.1428833007812,909.4139404296875
1743434646.1232464,838.09521484375,825.2014770507812,827.6190185546875,816.3369750976562,1023.4432373046875
1743434646.129379,842.12451171875,833.2600708007812,826.4102783203125,825.6043701171875,1049.230712890625
1743434646.1352851,842.930419921875,829.2307739257812,828.02197265625,825.2014770507812,996.8497924804688
1743434646.1392992,841.7216186523438,825.6043701171875,831.2454223632812,824.7985229492188,1172.12451171875
1743434646.143306,843.7362670898438,830.03662109375,830.8424682617188,820.3662719726562,1175.3480224609375
1743434646.1462364,849.3773193359375,835.6776733398438,834.4688720703125,829.6337280273438,1083.4798583984375
1743434646.1491387,856.2271118164062,835.2747192382812,840.915771484375,840.5128173828125,1114.908447265625
1743434646.153242,853.4066162109375,834.06591796875,842.930419921875,847.7655639648438,1288.5714111328125
1743434646.1572332,848.1685180664062,833.6630249023438,842.5274658203125,840.10986328125,1201.94140625
1743434646.160139,848.974365234375,834.06591796875,844.1392211914062,831.2454223632812,944.8717651367188
1743434646.1662328,850.5860595703125,829.2307739257812,842.930419921875,837.6923217773438,1048.02197265625
1743434646.1802356,849.3773193359375,828.4249267578125,838.901123046875,834.06591796875,1101.6116943359375
1743434646.181238,842.930419921875,829.6337280273438,831.6483764648438,822.7838745117188,1026.2637939453125
1743434646.184234,838.901123046875,826.4102783203125,832.4542236328125,827.2161254882812,1062.12451171875
1743434646.188242,834.4688720703125,822.3809814453125,830.03662109375,833.6630249023438,1163.6629638671875
1743434646.1912267,834.06591796875,827.2161254882812,823.99267578125,833.6630249023438,1158.02197265625
1743434646.195164,843.3333129882812,841.3186645507812,833.6630249023438,839.7069702148438,1090.7325439453125
1743434646.1982365,834.8717651367188,840.10986328125,838.901123046875,830.03662109375,1145.5311279296875
1743434646.2012393,827.2161254882812,840.915771484375,835.2747192382812,827.2161254882812,1203.9560546875
1743434646.2042797,825.6043701171875,845.3479614257812,836.4835205078125,830.03662109375,1076.22705078125
1743434646.2231302,839.3040161132812,848.1685180664062,853.003662109375,835.6776733398438,950.5128173828125
1743434646.2241557,845.7509155273438,846.959716796875,856.6300659179688,834.8717651367188,959.7802124023438
1743434646.2302337,817.5457763671875,826.4102783203125,852.1978149414062,819.96337890625,1208.3883056640625
1743434646.2272534,821.5750732421875,831.6483764648438,846.5567626953125,820.7692260742188,1168.901123046875
1743434646.2352417,821.5750732421875,837.2893676757812,850.989013671875,825.2014770507812,989.1941528320312
1743434646.2421417,813.91943359375,844.5421142578125,845.7509155273438,808.6813354492188,1048.4249267578125
1743434646.244241,798.6080322265625,842.930419921875,846.1538696289062,791.7582397460938,1183.003662109375
1743434646.2462394,791.7582397460938,848.974365234375,850.1831665039062,786.923095703125,1222.4908447265625
1743434646.2513094,786.1171875,855.8241577148438,859.047607421875,780.0732421875,1208.791259765625
1743434646.255252,781.6849975585938,862.2710571289062,865.4945068359375,769.1941528320312,1143.91943359375
1743434646.2572405,784.5054931640625,860.6593627929688,865.091552734375,774.8351440429688,1321.208740234375
1743434646.2612739,785.3113403320312,859.4505615234375,865.4945068359375,783.2966918945312,1366.7398681640625
1743434646.265239,772.8204956054688,862.2710571289062,865.4945068359375,768.7911987304688,966.2271118164062
1743434646.267134,759.9267578125,856.6300659179688,867.106201171875,760.3296508789062,871.5384521484375
1743434646.2702413,756.3003540039062,855.4212646484375,865.8974609375,766.3735961914062,954.945068359375
1743434646.2872689,758.7179565429688,856.2271118164062,853.4066162109375,762.3442993164062,889.2673950195312
1743434646.2882502,770.8058471679688,853.4066162109375,847.7655639648438,761.1355590820312,955.3479614257812
1743434646.290237,781.2820434570312,844.5421142578125,844.5421142578125,770.0,1043.186767578125
1743434646.2932398,785.7142944335938,847.3626098632812,840.5128173828125,765.970703125,884.029296875
1743434646.297235,797.8021850585938,849.3773193359375,837.2893676757812,772.4176025390625,850.989013671875
1743434646.3002331,802.6373901367188,845.7509155273438,832.8571166992188,785.7142944335938,1011.3552856445312
1743434646.3022456,807.4725341796875,832.05126953125,828.02197265625,802.2344360351562,1263.186767578125
1743434646.3052452,815.93408203125,823.99267578125,823.1868286132812,810.6959838867188,1432.820556640625
1743434646.309248,814.7252807617188,836.886474609375,820.7692260742188,811.90478515625,1155.6043701171875
1743434646.3112526,815.1282348632812,832.4542236328125,824.3956298828125,817.5457763671875,987.1795043945312
1743434646.313241,818.3516235351562,828.02197265625,823.5897216796875,826.8131713867188,1038.754638671875
1743434646.33024,823.99267578125,828.8278198242188,824.3956298828125,841.3186645507812,1026.6666259765625
1743434646.344238,833.2600708007812,825.6043701171875,824.7985229492188,840.915771484375,1021.8314819335938
1743434646.3472342,841.3186645507812,824.7985229492188,819.1575317382812,836.4835205078125,1088.3150634765625
1743434646.3502557,844.1392211914062,819.96337890625,819.96337890625,840.10986328125,1189.4505615234375
1743434646.3532364,844.5421142578125,821.5750732421875,819.1575317382812,840.5128173828125,1073.003662109375
1743434646.356239,855.4212646484375,819.1575317382812,813.113525390625,843.3333129882812,963.8095092773438
1743434646.3602371,864.6886596679688,811.098876953125,811.90478515625,847.7655639648438,1097.179443359375
1743434646.3662367,857.8388061523438,811.5018310546875,813.113525390625,855.018310546875,1151.172119140625
1743434646.3642395,859.4505615234375,811.5018310546875,814.3223266601562,855.018310546875,1287.765625
1743434646.3682494,858.2417602539062,809.4871826171875,812.7106323242188,848.5714111328125,928.3516235351562
1743434646.3752344,865.4945068359375,803.8461303710938,815.93408203125,859.8534545898438,1023.4432373046875
1743434646.3782349,882.4176025390625,803.040283203125,821.97802734375,874.3589477539062,1144.7252197265625
1743434646.3802378,873.5531005859375,813.5164794921875,817.1428833007812,858.2417602539062,1037.5457763671875
1743434646.400238,853.003662109375,816.7399291992188,811.5018310546875,846.959716796875,930.3662719726562
1743434646.4022446,852.1978149414062,813.5164794921875,811.5018310546875,841.7216186523438,973.8828125
1743434646.4052343,866.3003540039062,810.6959838867188,812.3076782226562,844.1392211914062,1030.2930908203125
1743434646.408237,877.9853515625,810.6959838867188,810.2930297851562,848.1685180664062,1009.7435913085938
1743434646.4122343,863.8828125,811.5018310546875,808.2783813476562,828.8278198242188,952.930419921875
1743434646.4152777,865.091552734375,804.6520385742188,810.2930297851562,836.08056640625,1080.6593017578125
1743434646.417241,867.912109375,805.4578857421875,811.90478515625,840.5128173828125,1182.6007080078125
1743434646.4232316,865.091552734375,801.025634765625,812.3076782226562,839.3040161132812,938.4249267578125
1743434646.4212892,860.6593627929688,807.4725341796875,812.7106323242188,832.8571166992188,1005.7142944335938
1743434646.4272344,862.6740112304688,796.996337890625,807.87548828125,840.915771484375,1148.754638671875
1743434646.431248,855.018310546875,797.8021850585938,809.084228515625,838.4981689453125,1158.827880859375
1743434646.434237,855.4212646484375,803.8461303710938,815.93408203125,836.08056640625,1006.923095703125
1743434646.452241,857.8388061523438,804.2490844726562,812.7106323242188,844.5421142578125,977.106201171875
1743434646.4692397,854.6153564453125,799.8168334960938,813.5164794921875,859.8534545898438,1217.6556396484375
1743434646.4731383,861.8681030273438,810.6959838867188,822.3809814453125,858.6447143554688,1307.106201171875
1743434646.480142,873.1502075195312,820.7692260742188,825.2014770507812,845.7509155273438,984.7619018554688
1743434646.4831347,873.1502075195312,819.5604248046875,824.3956298828125,841.3186645507812,939.2307739257812
1743434646.486172,865.8974609375,821.5750732421875,826.00732421875,852.1978149414062,1129.81689453125
1743434646.4901345,866.3003540039062,824.3956298828125,826.8131713867188,861.4652099609375,1207.179443359375
1743434646.4941359,865.091552734375,826.4102783203125,826.00732421875,855.4212646484375,1057.6922607421875
1743434646.4981365,858.2417602539062,824.3956298828125,823.5897216796875,846.5567626953125,1042.783935546875
1743434646.501139,854.6153564453125,827.2161254882812,820.3662719726562,847.3626098632812,1175.3480224609375
1743434646.5061367,853.4066162109375,832.4542236328125,826.00732421875,853.8095092773438,1025.4578857421875
1743434646.510129,851.7948608398438,826.00732421875,827.6190185546875,853.4066162109375,877.9853515625
1743434646.5261285,858.6447143554688,825.2014770507812,826.00732421875,853.8095092773438,1005.3113403320312
1743434646.528129,856.2271118164062,828.8278198242188,826.4102783203125,846.959716796875,1104.4322509765625
1743434646.5301275,842.5274658203125,828.4249267578125,826.00732421875,844.945068359375,1090.7325439453125
1743434646.5341296,845.3479614257812,833.2600708007812,828.02197265625,855.8241577148438,987.9853515625
1743434646.5371313,846.959716796875,829.6337280273438,828.8278198242188,855.4212646484375,1077.4359130859375
1743434646.540142,846.1538696289062,824.3956298828125,828.02197265625,854.6153564453125,1177.765625
1743434646.545131,842.5274658203125,826.8131713867188,828.8278198242188,847.3626098632812,1079.4505615234375
1743434646.547142,838.4981689453125,828.8278198242188,833.2600708007812,842.12451171875,995.6410522460938
1743434646.5501356,846.1538696289062,824.3956298828125,835.6776733398438,860.2564086914062,1090.3297119140625
1743434646.5531285,857.032958984375,821.97802734375,830.4395751953125,862.2710571289062,1218.05859375
1743434646.5576308,859.047607421875,832.4542236328125,830.4395751953125,855.4212646484375,994.029296875
1743434646.560634,851.7948608398438,830.03662109375,830.8424682617188,854.6153564453125,975.4945068359375
1743434646.564672,846.1538696289062,825.6043701171875,831.2454223632812,844.1392211914062,1014.981689453125
1743434646.5686767,833.6630249023438,821.5750732421875,831.2454223632812,845.7509155273438,1026.6666259765625
1743434646.5726726,835.6776733398438,815.5311279296875,827.6190185546875,855.4212646484375,1093.9560546875
1743434646.5967758,843.3333129882812,817.5457763671875,829.2307739257812,844.945068359375,1016.5933837890625
1743434646.5997796,832.8571166992188,812.7106323242188,827.2161254882812,830.4395751953125,1301.4652099609375
1743434646.6017704,824.3956298828125,817.1428833007812,823.99267578125,827.2161254882812,1400.5860595703125
1743434646.6037784,823.5897216796875,822.7838745117188,823.99267578125,819.5604248046875,1042.3809814453125
1743434646.6078584,831.2454223632812,817.1428833007812,825.6043701171875,829.2307739257812,980.7326049804688
1743434646.6097698,838.09521484375,813.5164794921875,826.00732421875,848.1685180664062,1268.4249267578125
1743434646.6156747,839.3040161132812,821.97802734375,824.7985229492188,845.7509155273438,1254.3223876953125
1743434646.6207676,826.8131713867188,823.5897216796875,827.6190185546875,838.901123046875,943.6630249023438
1743434646.622793,821.1721801757812,816.3369750976562,830.4395751953125,848.974365234375,992.4176025390625
1743434646.637682,837.2893676757812,817.1428833007812,830.8424682617188,854.6153564453125,1037.5457763671875
1743434646.6397452,843.3333129882812,817.94873046875,834.06591796875,849.3773193359375,1033.113525390625
1743434646.6418204,834.06591796875,817.5457763671875,834.4688720703125,844.5421142578125,998.4615478515625
1743434646.6458192,831.2454223632812,815.93408203125,830.4395751953125,841.7216186523438,972.6740112304688
1743434646.6487894,836.4835205078125,808.6813354492188,830.4395751953125,838.901123046875,963.003662109375
1743434646.6547756,846.1538696289062,813.5164794921875,834.06591796875,846.5567626953125,1027.87548828125
1743434646.6577997,843.3333129882812,820.3662719726562,840.915771484375,852.1978149414062,1082.6739501953125
1743434646.6607654,842.12451171875,810.6959838867188,842.12451171875,857.4359130859375,1189.047607421875
1743434646.6637182,840.5128173828125,808.6813354492188,837.2893676757812,859.8534545898438,1356.6666259765625
1743434646.6667771,826.00732421875,810.2930297851562,837.6923217773438,854.6153564453125,1137.87548828125
1743434646.668783,830.8424682617188,807.87548828125,839.3040161132812,864.6886596679688,909.8168334960938
1743434646.67168,836.4835205078125,809.89013671875,838.4981689453125,869.9267578125,916.2637329101562
1743434646.689786,823.99267578125,807.87548828125,834.4688720703125,847.7655639648438,969.8534545898438
1743434646.69177,821.5750732421875,802.2344360351562,829.6337280273438,835.6776733398438,1018.6080322265625
1743434646.6976802,822.7838745117188,799.010986328125,825.6043701171875,832.8571166992188,1025.4578857421875
1743434646.6997864,828.4249267578125,796.5933837890625,823.1868286132812,836.886474609375,1107.6556396484375
1743434646.7027793,837.6923217773438,801.025634765625,822.7838745117188,844.1392211914062,1058.09521484375
1743434646.7310975,827.6190185546875,802.6373901367188,824.7985229492188,841.3186645507812,1057.6922607421875
1743434646.7340958,821.1721801757812,801.025634765625,829.6337280273438,837.2893676757812,1166.4835205078125
1743434646.7401006,819.96337890625,801.8314819335938,833.2600708007812,835.2747192382812,1122.1611328125
1743434646.7497997,830.03662109375,803.040283203125,836.4835205078125,844.1392211914062,1000.4761962890625
1743434646.754588,836.4835205078125,807.87548828125,836.4835205078125,849.3773193359375,939.2307739257812

1743434646.7611067,830.8424682617188,810.2930297851562,833.6630249023438,845.3479614257812,966.6300659179688
