ch0_delta,ch0_theta,ch0_alpha,ch0_beta,ch0_gamma,ch1_delta,ch1_theta,ch1_alpha,ch1_beta,ch1_gamma,ch2_delta,ch2_theta,ch2_alpha,ch2_beta,ch2_gamma,ch3_delta,ch3_theta,ch3_alpha,ch3_beta,ch3_gamma,ch4_delta,ch4_theta,ch4_alpha,ch4_beta,ch4_gamma,participant,stage,epoch,bias,transparency,label
255.02285649692277,94.33362273115563,25.364347701808857,62.4883842053994,55.77114156308542,6.652062248022837,8.793321633354887,2.892161100833349,4.93266654976076,1.4491260912292316,422.96162881967615,75.02765171875512,375.04385304937875,1897.2590837373305,547.7850128136846,17.96853908155936,15.335801002562416,7.8949625687996745,14.317127969990706,9.05718764898496,537.1606857440008,150.45177410961483,524.7503447791987,6002.245483781975,1289.5190166898274,1,1,0,Biased,No,Reject & Distrust
59.09637733408077,44.348913946630695,36.480921274964544,78.6714414925016,135.2776991227685,5.881961080643005,0.9669283793362037,1.8706071046299408,6.199703339840699,2.1723391012548916,27.622889884573453,37.706625299424175,37.78230473994417,658.8966717495613,317.2648522539739,17.244374335633232,58.539251694288524,26.943965216147664,28.864381270070652,28.092891632423076,86.1294475395743,225.7006822085789,1039.4080955547147,4883.515696166073,1348.9710554808405,1,1,1,Biased,No,Reject & Distrust
17.523192871886845,12.217931605128356,16.910747895562274,48.62572842298102,154.5982634020679,3.091115352202901,4.654799800389071,2.9719346647169913,5.2214230316946795,1.9024613609096528,15.488519987706344,50.37864388672145,138.1104128091601,945.146666950072,236.64763741971905,7.075674997360551,8.799056532392356,13.826829013775463,28.497930268357866,24.418512015913656,130.2319817445492,278.9262546080818,366.81336190827665,5513.5284712771245,923.6719339588129,1,1,2,Biased,No,Reject & Distrust
100.32427015608911,19.587798830733703,35.97334590274284,85.79411806102512,121.10654368729736,11.359427742474429,5.06847485148047,2.518065259410491,3.1424967711273832,1.116967118821832,20.901794158814347,61.67154862544116,202.74647436955763,1336.1476717003957,293.62679023209773,70.5798618237259,17.33908671260287,20.22250394816396,29.092278436801593,20.47254401882635,199.64390595062076,350.78271343046237,471.01914229481815,4630.96449565665,1266.899889520385,1,1,3,Biased,No,Accept & Trust
28.970835727065214,30.235164650000613,22.462969864381034,49.737306554930285,86.88650053563862,4.657012194721562,8.589762399336081,5.624369575460796,8.806201213516683,1.4128092822084026,35.42802040121938,40.47461917310186,89.34165484475751,1241.4713292045628,591.1789844828295,9.163530468054988,28.075712485390426,49.99416739811959,27.651357774093967,21.003144351820076,242.3731303256761,130.76796029774826,391.4160747311352,4649.297809579534,1589.9257555925763,1,1,4,Biased,No,Accept & Trust
7.812417783174534,36.488417097326845,35.140266201274066,31.728163349910787,53.58712534411927,2.9468129458821766,7.303913225696657,3.7392876719208816,4.096405056794836,1.047697056156978,45.19106624674574,90.50173973320955,97.79985293964945,1186.5648444247508,236.3398365618636,6.248488368510911,18.149786329727686,14.770403091032447,16.692608273214386,15.34809812132882,71.38362345459052,171.66129439133258,746.0619701509515,5183.371277368207,1055.8554257584692,1,2,0,Biased,Yes,Reject & Distrust
17.492262166855774,36.173105977210156,30.860381503750624,50.6368257844943,41.67173298414272,3.6141871230009377,7.261713049279345,2.2992100575955132,7.166905497471365,1.5043956844143243,50.27901520570803,58.34621472012356,381.2238821914554,1964.6115220645463,864.3296976950666,16.975406508335475,14.014936552665485,9.984275302079524,26.672209080088805,15.493546133696189,334.4852280301901,173.8899414136297,744.2402630289687,3663.4732436351637,1346.1857190573676,1,2,1,Biased,Yes,Reject & Distrust
12.165852018756274,19.86736495936998,11.865727727593095,54.020595207420484,40.81698425708021,7.705982714544763,7.961799962689037,3.84304194676705,4.588580268465515,1.202439585952165,30.72747040359219,117.38614345757743,84.17677338985456,917.1533519618929,385.74220188572446,8.045124121434036,7.3418725568795855,5.531183626297169,19.756830559165937,14.220364985045471,137.37814019757002,476.8567466863007,618.8965817927553,3562.9873171544077,851.2343983504563,1,2,2,Biased,Yes,Reject & Distrust
14.320954634781051,19.580385724739276,20.935268904270146,50.93479290734205,83.90299513016342,4.056550803140151,2.310433600006617,1.837605841364908,6.00417269211433,1.7864120699406965,150.15775195813836,78.77034533971293,267.8286217695612,2099.8905025808967,783.2757027095236,22.154220491483535,3.830749030520163,9.932814126595087,26.790019819348704,27.291314411845136,163.7022418520337,265.4624513620211,439.6266133880282,7583.5505027961,1358.22545139375,1,2,3,Biased,Yes,Reject & Distrust
29.549334090799466,12.97006238623957,25.368241126213952,31.429926306892213,26.327791324917733,7.330953392785682,2.9360938777623664,2.460592372950862,4.329956332726504,1.765585652918778,132.75369240449072,143.91586580178227,187.74628225344085,3121.2025887936375,598.282523737036,9.626902075516046,7.11130595037839,5.285730130096892,23.58377444707226,6.49177016365271,287.47794550982775,88.42445865683591,311.8967788656856,7367.98181345852,1531.4521939191407,1,3,0,Fair,No,Accept & Trust
8.526923797510037,12.856774926451989,34.42810717053455,33.733108994002365,47.90587561851381,2.8648685058533805,1.665482805687234,3.251789971997692,4.611195477790104,1.5150258578209506,60.26576634609251,130.527197768432,336.2541644279881,3341.996722255504,695.9796055606263,15.717589519423273,5.267235061189608,6.989663235693503,28.842198591551842,16.862307916269128,174.28408183557926,117.10680875189112,657.5530760512967,5990.08925299265,1494.7829899219737,1,3,1,Fair,No,Accept & Trust
4.168515141310001,11.946118300397355,8.188644604527573,37.65215644511898,32.23516699249711,3.7821473716860585,2.5416029849466675,4.197648819238095,3.946133481892275,1.9990971527517747,115.08259943592786,95.6759900331303,455.7483486573965,3491.961680625648,1178.3506769158698,2.2264262977332443,16.703713121455717,5.509324886591191,12.859821112655093,14.068437821448738,155.31376788433172,161.25364848996705,527.1570906578019,6005.360648201006,2037.0254974082236,1,3,2,Fair,No,Accept & Trust
83.13801153461294,25.0561708390524,16.171649937915355,28.59851034173367,26.858381230212824,3.713075387276241,3.5143459482742303,4.109078971079863,3.396910498146845,1.3241261383409975,97.11163794150826,57.811727348368635,125.74601298230213,2914.8630795071617,1066.313888918136,5.330353368243308,21.13737848796962,10.022143609025207,16.453231356317765,9.446554268186055,1050.2702740412867,180.2128756718872,689.8133679198078,5424.428332763759,1899.871001115908,1,3,3,Fair,No,Accept & Trust
8.363822097643435,15.689383502976396,15.535886693806491,33.6543127758317,36.99860783784197,5.243710380172539,0.5097616703862802,4.976193998074917,3.36559691992048,0.8154799601128548,58.7273507417514,46.364660772802964,39.30123516567751,739.6332589200088,288.80881164036856,12.877544843420454,12.421495439834311,4.073066771591794,9.26312851891494,11.032462006235175,430.3295166518201,436.54381537094247,128.83159625989532,3948.942843471361,1175.5669120861733,1,4,0,Fair,Yes,Accept & Trust
5.635862687629173,16.08283521310643,21.88132055728902,30.550725286690298,28.502591035134945,14.957338145228224,5.171774995961705,1.0185394325097483,7.0115688445875,1.5941867708853803,39.48015850101955,13.86046935484568,87.65383398608473,1710.5272831755456,234.15224811966502,3.5944074320558466,11.01431109786011,3.2656499790211884,17.478873800583674,11.166423308609966,145.9776273052152,218.4440010067242,812.7463308092395,4889.0654700707,1056.2453462687852,1,4,1,Fair,Yes,Accept & Trust
3.421441180356215,36.30365330001401,25.066724917633884,36.34956420217605,28.113187625837842,2.0419125804178946,7.914421183958964,4.0355460061599455,6.518197541643413,1.485552448938989,30.052523311195955,53.110184948772336,131.0782076074777,2439.495076847855,547.4281261537022,2.718682889138135,17.435885504538117,2.8484283748329284,15.909763914057486,9.347968097805973,478.3138649652669,226.52579568095712,751.8504340826327,6323.498087642078,1775.5272706617718,1,4,2,Fair,Yes,Accept & Trust
6.651803896957193,40.29802601453154,20.613524032074587,43.25292965309765,10.394131391179542,2.4512534470539746,5.184006426901305,3.7167785327732292,5.544210239765251,1.3098414937499943,55.915353298287435,66.26460491701978,67.50189953329252,3633.509756926251,436.27595804290405,2.8539428146623544,8.950526475922716,10.066911303118049,16.455174343994145,7.516269193951623,202.39020083142918,224.51698470582963,282.1741648724935,7630.818649048318,1012.2771404215379,1,4,3,Fair,Yes,Accept & Trust
,,,,,,,,,,,,,,,,,,,,,,,,,2,1,0,Biased,No,Reject & Distrust
,,,,,,,,,,,,,,,,,,,,,,,,,2,1,1,Biased,No,Reject & Distrust
,,,,,,,,,,,,,,,,,,,,,,,,,2,1,2,Biased,No,Accept & Trust
,,,,,,,,,,,,,,,,,,,,,,,,,2,1,3,Biased,No,Accept & Trust
30.816795225836962,48.25812480182644,35.09790148843467,48.028595955156554,8.194543906437444,28.03654263359873,12.428883288706237,11.370637586826295,10.74888650673643,3.2182825039312815,2.2899566414156114,0.7397295325291682,1.776914561415514,4.991310874212252,1.204542875157912,37.386620548458986,13.13458392058123,11.421198783289409,30.660946541951436,6.125262033103063,286.45318368410875,468.091560120558,194.11541586089993,4138.678936117787,1262.140345074668,2,2,0,Biased,Yes,Reject & Distrust
8.369100846869543,13.582203767748727,5.471196763963727,15.811820483626065,4.015668509466585,25.796885967080883,51.76313969743411,20.85311016306172,14.47300838075938,7.445803735774731,2.72381459952895,1.5241375204708123,2.307105824159757,3.9143458037626693,0.975439395048264,6.252308504392912,12.647469058978244,6.827206615189614,33.795528544181664,6.9519770868658055,141.39444177156352,442.8392016229079,474.5028986899683,5282.938421787934,2066.819719025856,2,2,1,Biased,Yes,Accept & Trust
11.892473317607502,40.999299665167904,7.251491840018672,18.791429241302392,6.164721865912803,7.485689429686966,5.246618587380855,4.121158846172683,7.614153685886223,4.186501098607157,7.874790626258199,3.1976514336048676,6.3795924364199745,3.586579282602069,1.0584217423863354,43.77369007305022,52.109713223817586,22.330318332892137,13.925619073168845,6.483333093192694,183.59363645646792,290.56433547063745,1184.181759572721,6217.389743158141,1034.4034088642065,2,2,2,Biased,Yes,Accept & Trust
19.313545921988954,21.138482074899358,23.71792741689023,33.29800050995357,9.339539154448138,3.339392578322304,4.119165269155355,8.406048976961216,12.176402637953734,1.654607741241987,8.052577317922237,8.271979700393187,3.0215685339676313,5.1285575336090785,0.9612278154152092,9.899259345673304,24.302803455142538,15.180703842047645,22.07554039469171,4.269845518430311,439.4312538870878,413.5058563342461,304.53298084350973,2853.73738613993,1413.7026305798286,2,2,3,Biased,Yes,Accept & Trust
30.654414505034303,13.362173119274564,4.813271699542328,19.849457516670057,6.366878541151716,13.400324364662875,27.575231036049058,4.512082454493055,5.67457275024373,2.865157731080385,8.256546731300723,4.482691996560989,4.943253666874226,4.781126625822171,1.4953698086144214,18.87924689395319,12.855355980052735,12.434762725988511,16.747996891485798,5.937336058301351,396.30118074122356,201.2697989910191,356.5886626799082,4187.877222020795,2058.355069462773,2,3,0,Fair,No,Reject & Distrust
11.029268244266802,13.979259077443665,8.436677026185006,14.094051413488994,8.475516328054972,28.094591306868583,8.397009197456084,11.962498228500742,11.871259322712834,5.324031069026949,6.6435347542181065,5.01220134640784,2.9292586147835564,4.885192979443988,2.1845853959932526,20.373087220812483,14.670753897043308,8.596690822187702,21.78974936369329,7.22337260698326,58.25526680674096,291.8236462415301,494.7856237496753,5981.3444184890295,958.8970025912186,2,3,1,Fair,No,Reject & Distrust
28.69081242688323,24.62239454907039,10.205994567722424,26.545631842114254,9.744222609697776,36.051931623864974,21.05557946602058,11.578857340572073,16.58275708452567,4.65952001996418,6.946431239502994,9.902368180730516,2.287883773355868,5.002912696684348,1.5460825014945287,22.02730127743945,31.03078889704437,9.756075068641737,10.869076545586186,7.415398781381851,90.02162519109586,705.2800403992334,358.2865909407561,6805.638629276389,1262.2985575171945,2,3,2,Fair,No,Accept & Trust
777.3878042191061,953.6507853542953,224.07377410239462,87.43851312491604,14.610529335571195,168.04985808489138,66.0833713207441,33.979828995075366,41.590168224062275,11.662214950623614,14.547777158568543,12.526371293821889,4.740024074758397,7.651613746587326,1.9679653566696504,543.6714321466195,680.0072283868608,190.68700945732496,46.20764776475394,21.654491306360264,482.53594425540365,383.4743677430168,527.4687156774434,4419.022590134557,1184.1513071380584,2,3,3,Fair,No,Accept & Trust
19.62771163445269,19.832409030021577,5.0831320635687565,16.968899945964868,3.404156681120511,18.052006719125373,9.99472077061233,17.252858222155183,24.80176086961508,3.8697680677901487,4.606421667656024,7.665842937377589,3.567668575910652,8.417283396465253,1.0604436660684893,14.079756811261191,26.828078447221603,4.994889893747629,17.992153202554515,4.080647904842344,295.63837878950574,260.096716528898,262.15212487969325,3816.2283983417656,992.8934250945988,2,3,4,Fair,No,Accept & Trust
10.378815194742069,13.110967928883491,9.099368466340435,27.55714280482084,6.581808741864345,80.79975546161717,13.464620003259391,35.57760010088706,31.288241443061064,7.643118351516078,4.037407318086374,2.582463483429206,7.207877337266812,5.889698573805646,2.1502706571911268,6.628103147214022,3.6574663052804257,11.487250417769642,15.470331426618309,9.932583013677018,431.08455550658834,235.30379373887465,419.8849950191964,3196.023356732296,1046.7965317026399,2,4,0,Fair,Yes,Reject & Distrust
32.83781272226492,19.488332461990296,16.004912383794167,25.497268249542355,10.617454265844236,12.141419697007736,55.32790459981544,19.910763377148985,25.829885628331542,6.054527164773845,6.02227152963861,5.844196362756733,6.260585719036056,6.822620236356663,3.081131474953986,33.20751690030168,11.00549338036317,31.308445276084548,20.522265986632316,9.495993637730132,198.57982526225052,347.96289681803285,430.89410163203263,2692.8260433938326,1594.824927288709,2,4,1,Fair,Yes,Reject & Distrust
14.802992900294019,20.682293661387337,12.149935818588306,23.499817812483506,11.003088293920534,146.83383935166128,28.404823145185198,11.591956018131226,19.649070215053275,5.774470180615721,63.824146404794064,7.452609655836504,2.746763244630655,6.472334965176881,2.257735985801194,10.271245048082722,20.902554522886025,11.475339166912434,15.13158036480405,9.528245198645696,149.47930672060173,182.40910444738435,602.7382052854218,2772.930451837878,1295.9336920470353,2,4,2,Fair,Yes,Accept & Trust
30.306977570599788,51.3950967779026,9.404022141079437,10.419824057000245,3.678672686117755,367.4391839004591,35.970925746527456,45.69933944030802,11.696287622516241,4.698112751538113,55.45365569058252,24.81273240352103,12.094401093375083,10.342069514439624,1.4491553148566316,24.28857545086474,48.02761516120673,6.97564553609674,10.41496080565187,2.730133777123876,161.0959951798212,161.30089450034464,555.3165938079463,4367.466938401225,1075.6465912526778,3,1,0,Biased,No,Reject & Distrust
52.98843269918689,63.89021156053935,17.97608001959181,17.661682500878115,5.765177835725641,57.77804757741703,51.68192973836728,9.03527029447557,20.743515009354578,7.075231652719344,50.346120541260454,21.207803209717383,10.617891556290335,19.343090152050344,4.286925102046319,40.134159020008205,60.26666512156885,12.130301643729418,20.48397936701644,8.187115892366467,75.83859351424485,226.35091048695529,715.3642301289146,3858.5923038562846,1323.5647407993124,3,1,1,Biased,No,Accept & Trust
17.81203208168195,14.250616573449419,9.499451344165417,22.377625752440125,8.730528813572976,1828.2383512188794,1040.4425503617322,478.8128262755288,193.98458753675234,53.02327431624937,17.287839177007275,13.9163732831439,5.882355515199815,11.782635692550965,3.707483273057889,7.723485983846283,14.766118149021036,8.456352900022903,12.326949682916581,5.768422241968384,185.54171944703796,285.6216928629317,255.3362492447114,3576.083673774503,1340.0976159475176,3,1,2,Biased,No,Accept & Trust
17.437468074370948,4.553156176625377,6.08536123013148,16.144656239695127,8.270133208956231,8430.12207613535,5254.4497714724575,6344.989308193408,20300.381610929908,7959.510973430998,8.287410556416786,3.99822423296018,2.9446752639113885,10.29934086074701,2.944905645559846,10.262003305925774,5.482660020585375,7.173732480646683,14.461240492094209,19.0936779242257,102.5739340770671,335.6483192961531,811.2889767113597,3321.9886085688745,1011.0870340200246,3,1,3,Biased,No,Accept & Trust
24.583836281055763,42.23642934236569,20.215608796849708,15.800087373730387,5.3000692889673315,1962.4358296068049,1146.2959727834047,1882.4841806108159,27754.97695487722,5546.610717078865,17.611589101941384,15.93598740254349,6.659839693514363,7.494138769258682,1.215202127630532,24.854515359073325,39.09273957613405,19.273469074389624,26.605902296778808,9.079530947100363,381.0328559011048,318.1566973699258,353.5207276089903,4388.834081135728,1083.0411076783948,3,1,4,Biased,No,Accept & Trust
81.1396730266239,146.89763023959904,44.61635019289079,12.586085880655247,6.33082411326535,2423.6970584279,1492.394025543872,4216.029407081247,24128.023154807488,5823.664612567471,38.25021651411508,35.32520448933686,5.365245686930908,10.621788861691659,1.4503519357530916,75.35968457267812,142.5584545594737,34.59784052364658,20.898323993443555,11.250382378605641,207.03598174698325,394.4723703532937,475.1870171187062,4238.601889459876,1399.9160938883124,3,1,5,Biased,No,Reject & Distrust
160.6507058421136,98.54442437179398,39.42432880312189,23.011946586815487,7.285407859680179,57814.2746009214,8591.766315753932,3869.2046893460124,3059.971087159748,615.2052979032554,10.74176543410247,40.84345445842654,7.513995178152339,9.036581293612361,1.9451810906644336,171.41302604574622,73.973974695766,40.45615665752098,27.236085664566207,6.355856548108116,138.46001397214366,113.45412590742367,289.6737355807104,3457.0736917563304,693.4296680682413,3,1,6,Biased,No,Accept & Trust
10.286695757686724,6.280511613078459,5.384649542530465,13.624375731886294,5.700372808575331,1628.1353812230252,453.67392593972176,133.14783388466512,405.0591466597311,152.38323005161953,7.7222826513781655,3.4610761615766736,1.268369470750248,5.848420933259277,2.115424552131943,4.035668909968969,10.744455018868592,8.233639360328903,13.384083475683108,6.071346166022217,238.30508830545418,385.3004721725446,503.11694172309933,2446.237429769086,1898.998376539621,3,2,0,Biased,Yes,Reject & Distrust
101.66026155187322,77.78203465726732,34.44035791307714,11.98485477454434,7.05474925654925,380.85042185911,149.48350583592833,66.89024471380124,58.99584859422129,18.04727256599929,6.717648737247146,24.806682722000392,8.382552686682917,8.935289063548561,2.130902557751255,64.25979342215926,79.47445614516772,23.5614952487928,21.079518192389283,14.362022837599689,181.40054907946183,181.09151325046014,402.62967344526857,3415.9774491021026,2262.1272389043766,3,2,1,Biased,Yes,Accept & Trust
83.50798802563517,93.9612475234882,19.976709737412868,15.57877593343173,9.208484233834412,9.285019019146304,10.401928717573057,7.452053849628602,9.782738128953952,1.9229840739527748,33.27243755162864,32.100904616527714,10.26168725624153,5.623790724491302,2.9359503084302085,66.16630912998605,84.718039422871,18.175866442719,19.432409660706952,9.744577568969726,101.47139264483036,255.88223881221148,215.3372315921377,3176.6879767313603,1291.7266137495878,3,2,2,Biased,Yes,Accept & Trust
11.34191834206027,8.319117960276412,6.276325229369981,28.22558537055186,22.552532070160883,3.547253236802783,5.065626902937478,7.270932801329944,7.151487451332596,1.5536153702824762,4.635929844659455,5.570205355367649,7.255014126490367,7.388712250622278,3.0081416490903505,15.665821013148747,4.265263022545154,7.0839521889360455,35.16703976791977,42.803108373250865,466.11855815814243,209.71841884839776,482.29572004576414,5504.947754407514,1524.403358602954,3,2,3,Biased,Yes,Accept & Trust
19.129000198155126,90.44036382967835,48.88371744782732,33.31953187553856,12.893296111682822,38.6355979448037,27.4182392897697,5.741034864687148,11.838818474917263,3.6405310950032024,36.50127902112707,7.564990907117713,36.784419128912496,12.422037040966257,3.9448563624742428,43.22162380305926,62.98050232219406,56.53081212695014,59.722228284321,33.11967441341713,319.60374947203815,587.5211307157938,962.211930973258,5979.817820107064,970.6869681651885,3,3,0,Fair,No,Accept & Trust
14.864266858058645,16.084160727421903,10.65203688471447,27.434559176680196,11.705791668857815,7.214383148437185,5.264174475675826,9.01016066030178,5.03055551923184,1.2736059202052894,2.7070116542704916,4.772576267052289,6.594429117971922,4.278188168132212,2.326979255173258,7.821930038597179,10.487603484108094,10.054146158213443,33.70159560906052,15.934049291673553,352.61612202501306,470.3171790672116,564.4902100767852,6712.430746469992,841.7296896214555,3,3,1,Fair,No,Accept & Trust
52.93547195369772,69.75194776166184,30.158673787782426,14.125419674647498,13.864817992656631,18.56312664754196,17.067874397060606,2.337045736583665,8.406450041403478,3.1542311848856825,12.862271926990918,14.091699350867417,9.04341299572464,8.99744417949929,3.4538525668544144,49.78504348200428,62.19256190579479,22.97615232466236,41.00527845714541,20.818980733656552,144.72683424270275,244.8431050212494,301.21157720449173,6189.375680546538,1827.1749836284275,3,3,2,Fair,No,Accept & Trust
112.69871494942214,55.78123897909948,14.365475172230356,27.284981448778566,17.465160788561338,32.962098460797435,36.19058315134543,19.409236864492136,21.01650441796099,3.48094121678642,11.775511797570475,14.104920960142035,4.693204291274565,9.117772000189085,1.9375456513934575,117.9979699248334,74.13080679512976,17.045783004311886,29.868947889390803,11.22227564946085,112.4074208708122,681.8418051698542,474.81531474324635,6920.08623662657,1344.7436116622644,3,3,3,Fair,No,Accept & Trust
64.26585042767098,96.04113938236468,15.14633451585496,20.15090905141834,8.511695862199065,37.267621172384366,34.138272000900194,5.7450468381274735,13.137593590198094,3.7539384621586707,10.387224858941645,7.434486061133302,13.196348618294783,7.849405457761115,4.667451066405509,54.54099613190031,54.044520890540284,17.52550453685975,20.36661020341834,21.980500154011793,289.4809465137454,325.5939836924003,461.47223500663523,5248.063055452579,1380.4657861070189,3,4,0,Fair,Yes,Accept & Trust
11.3619594368535,12.394247275538817,6.797566872148594,13.364454909399306,7.927499269009634,4.192814884507521,7.507088657019014,6.984853308511473,6.941464405844827,5.134587067009482,2.221828871146895,7.259988602132894,6.40173503462494,6.688946059727258,1.1314876275172867,6.5643634690856345,9.545695544210137,11.450255070265536,25.672222696232655,12.684612589522215,125.02090135905952,539.6012280555526,441.94373172194884,6448.1558204322655,955.5241169580258,3,4,1,Fair,Yes,Accept & Trust
126.92410682675956,171.18140888096858,51.35167614463026,36.85510703985271,5.593764161765429,7.409836162838449,4.664838907103314,4.585540871304101,8.487148676745194,3.2533567265409684,7.841872968899794,6.054022053836894,3.799394130730666,9.907033489296996,1.704926564971399,106.32583403572492,147.2085855679993,52.490240804535816,23.705431648532464,23.507483902422436,412.53938722874204,600.2771265516102,332.2781881166268,5754.430210358702,802.1822565727246,3,4,2,Fair,Yes,Accept & Trust
137.81324873860763,213.82384147003134,19.55513063819735,17.42884399785505,9.003977037149971,30.21853823667753,7.902715822767573,8.01363172388095,9.343471764445178,4.13554193234956,9.994022000939916,11.55168980236098,3.344106487834541,7.6272891320600555,3.340408310630187,96.2572615758133,176.23978962017517,35.77401768272677,38.69076694279743,22.611999218111787,434.323932167384,363.532144813615,611.6789068931787,6317.462438187282,1245.228765768312,3,4,3,Fair,Yes,Accept & Trust
29.174415171230017,13.566631875480507,11.648155029478062,20.488993761227462,5.713802000417571,37.72181800242241,26.451730760789385,19.146320244281853,28.192326460871286,3.364132148127423,63.03856546084513,7.82072160007092,2.584849609678355,9.944275299758504,2.4754642280477706,20.56336006053123,14.592366398248508,9.442315307791997,17.180501797071546,8.586399064996384,521.1595085053931,363.61959754356764,289.818546997447,6398.52410313954,1167.802571737477,4,1,0,Biased,No,Reject & Distrust
5.802235899394385,12.01028667042837,6.9200789499431625,14.787074700251209,6.7149644181712915,7.6214170881673,6.410910850782609,3.2280231530634205,6.5961032874803704,3.243632621521439,11.389592360244015,3.3598616758764694,2.630775525630667,3.3796625877051314,2.1161741483307237,3.644740143365872,8.280118445799843,9.328969784511342,15.84924488563191,6.441267105971066,210.7507129453703,444.5206996080947,889.6456137829218,6519.749959723706,1577.416806877737,4,1,1,Biased,No,Accept & Trust
26.704729282074794,13.370189174803915,4.0538792065164575,26.612944923125742,6.4319567689411095,18.856700084716365,31.18114372888015,7.823434745019265,14.84437932918939,5.206245463420494,159.21790304879775,22.36817660869463,5.337436740192248,7.2934126349812995,2.96677697614468,25.751989617856086,18.641746705773684,3.4317668085835704,17.527166867587862,6.615025355808551,101.20860422157239,381.8007525150982,767.2939121379334,6199.226541830011,1340.5428547272359,4,1,2,Biased,No,Accept & Trust
52.70656408892111,43.45029746709848,8.626567228015102,15.121264483600278,8.321383018908346,53.70315802961365,10.858960652887294,9.007892473098858,14.713984743822014,7.276610709062766,27.611901993548834,11.484657940180439,3.399056429253951,6.9143559194074395,3.4950580317378144,25.484015314427484,13.577896016870982,5.62633807136781,15.770419606002221,11.701320795690656,58.71399105278709,279.43836296857387,1065.4395947671158,7104.309366578339,945.6264216811629,4,1,3,Biased,No,Accept & Trust
109.24279938043102,132.62765996453652,31.769546348478844,43.74895693016335,6.237678416209695,37.03533803991688,40.50697431548329,21.084068668676238,15.28214598398085,10.439775005422966,7.623548458516508,16.64822447488047,3.246254194160613,6.50236632301313,2.5101981447748707,68.14894208792524,108.67697343520982,25.768635931569527,33.20946866509968,10.18380313984964,218.11472746409814,336.5767576657777,489.6186951551943,5130.658435127233,1285.5498576931047,4,2,0,Biased,Yes,Reject & Distrust
25.181980861936086,19.459883303910622,10.225731560828748,14.558950261553402,7.654068292368572,38.90923044177411,12.334013678740213,6.463722440192127,18.08659057904679,9.593526203890534,20.82939820483749,9.109580048293653,3.0615373466815976,5.680421905954432,4.62705916026346,7.791537421615248,13.69068864102235,14.163163302566074,20.69395802995127,11.429849552613112,62.95179107392842,637.4129854044529,624.6591735832209,4791.299518194191,1319.2350678401106,4,2,1,Biased,Yes,Accept & Trust
13.296309518503882,7.228472259199073,9.66270169912768,14.202826351204653,5.157092677528685,9.606185438605998,8.579007413351103,6.033296388480444,12.214144245041854,3.963510514123445,11.147969596921198,8.103596388920725,3.8948921503004,4.412290229790087,2.2777475997043988,10.981534058514631,8.75258692553324,6.616803510284075,14.319720281402828,10.425652559197806,176.19895855570053,170.02654455238883,477.7175193338312,7180.090485747132,1041.773990462401,4,2,2,Biased,Yes,Accept & Trust
9.888400118090962,9.33726625791493,12.580510202236994,8.182088192245436,2.8715381640099746,12.536231390395411,7.805840609849362,4.864190402953913,7.860904428634232,1.2757309099922376,4.941373047919485,3.6037561522624615,7.219813307078824,4.219833634395346,1.467243282985664,5.938361029330529,17.281445985895754,15.240217537604199,20.111442236212213,6.237689921662185,143.60142727301826,36.12072439616438,198.46563576519895,7653.327899468422,1088.2337587847942,4,2,3,Biased,Yes,Accept & Trust
49.06978034728883,49.42956066552056,11.017271395458051,13.376756734801276,6.551554126426262,23.023884170351096,41.54129365527523,4.608603983870482,11.273472894586789,6.669343044356772,20.7761858413724,13.139090570337672,3.5504149757057384,8.108011476409905,3.156696960382828,24.643904075769715,14.492824747650154,16.601952594944194,21.575122542841143,16.392586493786002,119.00393314765972,443.20425497524656,476.38477886508224,6389.061287087091,1255.5694975087433,4,2,4,Biased,Yes,Accept & Trust
21.47698670169744,5.485422825659835,6.524462418469555,10.622877748998127,4.3279127028638875,20.021269692409035,11.11940255781604,3.62772440144143,2.831489024458235,0.9748990990054803,5.0145811254053285,5.15055523291246,5.746853933466263,5.474289112177286,1.6212455692930272,28.58898244641109,8.798716652194514,10.272031339148246,22.981423287011683,11.410655935827648,2067.929059097424,150.00161093527663,710.3495226259882,5070.187695896515,1802.9955801858139,4,3,0,Fair,No,Accept & Trust
7.074000250024392,11.33632524134742,2.0801592018461434,8.393690958588909,5.932042387494346,5.7993374855525754,3.4644691700564967,4.590195009275586,7.794912009589293,2.1761431944984926,50.169269646254165,5.86356147920286,2.144573328604645,7.257284300303698,3.221324655681432,5.9878866927404335,11.317669706110916,7.031662496127761,13.068750554126318,7.034389092706579,193.2024469812615,459.3386491190869,486.39474561813967,5064.588852144029,2249.5264699204004,4,3,1,Fair,No,Accept & Trust
10.708758570058135,17.33079161004644,9.431820322582503,11.53627166791843,7.624786922313481,47.638109320690624,11.84483426345609,15.066898832117827,8.285851519311914,5.167474630741525,54.02655240822892,2.54007466143676,4.025161617453004,8.822152893360714,3.314270068704398,12.479235310491422,14.401853338893112,12.157586189461814,20.56994540901384,7.961903113930857,129.02207701633213,114.23567222356952,307.4461563394991,6629.650649150202,1314.8196258012495,4,3,2,Fair,No,Accept & Trust
145.9010939672143,27.858797841315518,16.75509387998592,86.97748282829812,33.21633608811417,111.72439895712321,29.963398905354076,19.054431141633984,39.40893320528716,41.95617994655761,8.602043595291365,10.332113740962786,5.8817271287341075,37.7957688026241,14.874008800211534,126.06018046152613,45.77531169573808,25.119988182196185,37.62992227994695,21.981817753681064,80.95973908681091,159.1670451639971,483.92353784677107,6149.866313737573,1514.4888350999522,4,3,3,Fair,No,Reject & Distrust
20.386090596781994,22.041333626385555,15.457051154920514,6.1598116410338655,4.059611605794332,38.005925920673604,19.183713553809195,6.800640019810236,13.124350808048241,5.33138493622516,38.646163177353635,28.9367714829933,3.2295733496181316,7.417134252033703,1.757921690577986,13.392283057942464,4.069186368004858,12.363552579166234,15.022129162066886,15.478569516132831,385.3417351272642,474.90798417381455,447.01720825880295,7058.170766148378,1541.5164993140645,4,4,0,Fair,Yes,Accept & Trust
38.26338279704826,66.2288293173733,24.092224888348625,20.934499924748998,5.1474474727946875,2.7431679923166596,3.6473334507050197,3.411504927891177,3.7796865375083137,3.0785494713710357,25.572630914139474,4.514924439452131,3.423654384978277,3.3327358988154523,2.26707488893064,21.874655607366105,71.35858380986053,28.004852532294926,17.015173686243703,6.534682577301226,160.13398606874256,134.09503555634203,209.56281689489748,3690.285463803112,992.6301316715363,4,4,1,Fair,Yes,Reject & Distrust
11.565336381015824,9.027038273224377,9.071838874847518,9.715359760330939,3.3156016195311073,41.013652253043645,9.97003715882006,3.762949520461635,13.24918328546153,6.081559749714456,4.926231874580614,1.906325324250674,3.5788552683405914,7.641805880706684,3.2904063993071424,15.794217719562697,7.016765743880081,7.294425733695442,20.295147968039693,7.845823497023133,89.16805027872871,203.50082182310754,482.6388229199426,3217.540964484379,1218.8396106332707,4,4,2,Fair,Yes,Accept & Trust
28.97064408415381,4.023981968392721,4.303765513946512,5.8919307927862326,2.2897554258563946,14.449076635318576,2.1940041125877805,3.01972746777464,3.993855118657774,1.2430771482664782,4.838009528762204,4.986671394651019,1.7719514421600517,3.7697660274609377,1.8850473619838648,17.1512679939594,2.738723364999846,3.012603384525066,13.808242856741499,6.506726129381386,165.95153953880887,151.05262608487445,674.6156474186113,4225.207486936338,1207.9245122633267,4,4,3,Fair,Yes,Reject & Distrust
1830.575562377197,1704.6172664559188,3140.089518348013,11431.957503748545,17934.622013769662,1047.9454412422676,728.0701855427013,172.04528549015686,744.9754780044425,497.6695098156307,59.90467981202677,96.25841682724949,7.515187839220769,9.064229345243229,7.006952054205156,31.268335064755746,23.418324587384287,4.916490446023791,20.599733679104684,15.45400036987394,365.7733699624833,267.6574590379029,291.7289207431657,4860.528495817052,1548.671130261094,5,1,0,Biased,No,Accept & Trust
4066.520694817151,4486.841332563116,5215.302244283966,15361.737114926287,56534.90765920853,499.65129901383955,137.93364492464724,396.46792967838553,895.14256412886,1231.6460175879295,12.321800676665717,10.02646779399334,5.479451772087067,14.70711788881999,11.354805499706861,31.761932057321438,66.12807610477766,183.65908803765728,87.91121434259132,73.95804988404046,187.25251266788584,952.7174936801174,815.5529229661192,4971.208614304046,2397.5244718512936,5,1,1,Biased,No,Reject & Distrust
3351.5880935605705,1415.7443557860004,1027.980949501092,9372.041422863791,7313.282327506817,47.539027111120575,44.463088291018565,94.1061337512902,576.8421626676788,381.5037098763531,3.636358059552308,2.372329349399899,2.1743729501326468,7.489570832707105,3.5778210107277104,27.312713872716106,9.498243230986713,8.038827899453217,30.334505339234436,14.56829069258089,188.1855250946755,238.69665899188465,860.580521340627,4073.7188997118947,1244.1175369221637,5,1,2,Biased,No,Accept & Trust
15755.578645798072,5166.6028604586845,1914.6324708791967,6281.074663795789,9809.533012265663,63.99130858781542,33.388997011055736,46.602502981014645,545.2844906974666,515.3082917510031,11.162388035598052,8.700931588596955,4.513924028967467,16.597882549913862,9.722406751019209,942.9479308517544,216.81225829115283,51.34195505732278,57.244139614917515,27.893846935201836,181.1886818772049,172.32775133082703,402.52202148862597,4915.505707888224,2023.0220641059477,5,1,3,Biased,No,Reject & Distrust
186.03440903277573,69.0304546076934,127.37985943063569,739.226457902918,1169.0769827763074,13.314430944125775,3.9072959488852472,41.48656950872325,381.7564686478187,240.52318052216117,6.9818019262820945,3.127932749251343,2.407482980800258,5.660321832027179,3.04093960622089,11.803188771233147,46.862928101766094,13.226756539903942,19.59753347365319,7.46711068295142,212.5302218891422,149.63250029122946,383.968105421884,4546.838276329677,1872.5726942785263,5,2,0,Biased,Yes,Reject & Distrust
1799.0236907084736,4924.208929976681,12133.542110685283,10680.357451261096,12241.020763470482,145.70765515854174,63.92017781232855,29.65114514533542,392.58034544772835,292.66889928301106,33.857225117407495,8.92277511642691,3.510110420231995,7.442800199399366,4.636001159496394,211.57272342541978,63.759262776069946,64.58460409258339,19.127917594055162,28.465365362612616,964.2821083503956,637.2022726802843,1046.754045591988,4387.769513431238,2589.0572605404686,5,2,1,Biased,Yes,Reject & Distrust
1344.9301101685805,249.0848107218458,1592.1082319061081,7918.619898098549,13306.777579760728,25.830979298644447,33.82132041575283,88.67771382855331,493.49658279321244,394.37238364471176,2.2150678243127326,1.705322920991694,7.299216287467745,5.827803150236261,3.843937548097078,17.55045219449783,6.103317798394607,6.716701766828989,26.47340413765806,17.656652011577197,168.4238488155708,120.70338695572708,733.9953641592908,5396.043779945933,1073.1515155580132,5,2,2,Biased,Yes,Accept & Trust
508.391933599005,618.0722211970253,547.8135290901124,3231.1955499119695,12278.697540021047,26.16366234635063,9.801103683791702,37.48382301064733,323.2486059724698,360.05939436639915,7.264682741786776,3.949285712114233,1.55497483616112,9.521009360663207,3.067633873519782,3.7121166127602705,13.851341387156028,7.661192050944578,11.769432942911441,18.444569142700217,204.58169501338784,362.8428868924159,680.0659938718074,4751.242953773127,1793.3718318846895,5,2,3,Biased,Yes,Reject & Distrust
366.3941403335858,682.041445805259,755.0066801994348,2846.18992872988,12159.625509916094,27.28363440537167,19.70552111032432,33.44860545392152,170.1642473090639,331.9198975620961,6.363102616429829,4.478195600936182,1.6338590891277927,4.40593129634178,3.7739964724205097,5.131605497479993,5.531585001967768,5.862934680125642,20.50371772369401,15.478270800911314,143.23465559621948,197.3302838128648,730.3361993302459,3484.3595699617154,1240.3977932889613,5,3,0,Fair,No,Accept & Trust
208.81130334024454,462.41406432236306,624.1309664776835,1754.5454663614066,7486.205993279527,23.35233752651541,27.332116572751822,32.94435801724771,217.3583865357436,437.5662650267406,9.128377259996762,3.0982177325489997,3.7019954644076667,7.299505516648799,5.827982295144412,5.893730010013108,5.973872470068304,6.29565179718241,13.922800278909847,13.155408924461293,63.56158539485301,158.15604491052085,418.74853643124493,5252.9810094084105,1770.5368379093063,5,3,1,Fair,No,Accept & Trust
552.0284660262577,408.69848180437134,432.9870477690633,1579.0863504000324,6218.471104951161,33.805567249925595,16.37755443346719,35.73527741039671,232.68978237410175,227.2068830768115,1.8022546553421228,3.450202980941294,1.746307243697241,7.091155828477505,3.618158160024435,3.2126811849739827,9.001297071077525,3.7375304920852477,6.750124429282537,10.56239384404388,164.8612789373692,63.083197768931,157.82423119060192,2442.355196718464,1392.8514793216425,5,3,2,Fair,No,Accept & Trust
240.99523576131,453.31558790452027,793.1526507502687,1935.8064485629366,6707.276746086365,15.99825799449862,22.95548960784467,77.93918314130113,180.09873303988593,199.67749846329662,5.9449963770441485,3.5627344697746643,2.4415054971029884,5.567163234134146,3.568107153380889,12.592786630263687,9.808155182191877,6.271819687956181,15.073604005690935,16.67176833576635,116.71634097300499,121.8572634491724,531.4585573374161,2551.147011892386,2601.6036835620025,5,3,3,Fair,No,Reject & Distrust
361.8188295151491,152.4783639525627,436.39297032970876,1965.318706722588,6388.523891989975,16.89666205468831,22.741870208296714,28.89152829265978,223.2633383596146,202.7112216928664,12.880440856221062,4.298637347256422,4.612744352650106,9.39334120233628,4.043487130042015,18.069529202053637,25.834981665705115,11.928977563532653,14.401203082041834,10.220823307310244,460.22911379800814,166.13629170243448,541.5909026644595,2885.1429318373257,764.4498165826037,5,4,0,Fair,Yes,Accept & Trust
295.0128067483047,149.75289693876022,861.051677859459,2579.1245068311505,3804.9074424844366,53.35754487579818,31.909976875074097,14.723756732413584,160.4271733707206,192.26212130488082,6.778901141164363,2.795478463273265,4.034735728388042,8.274450789556816,5.039307962525262,6.043159192053567,4.740530273608632,3.5309386926774136,13.261176715544009,12.988663619184827,316.33504253105747,146.06846011439626,479.57132108431335,2888.708601290961,1986.2459092599747,5,4,1,Fair,Yes,Reject & Distrust
192.57345740812727,202.67787859964997,661.6256943958479,1435.3670849153268,4840.241770987553,249.8146763580185,237.78098695713797,166.12190423785668,218.65042178117608,183.97636151512089,5.442315581056573,1.904912633579182,2.41703377036366,5.784434547476715,2.9437157428364555,5.02084251656787,6.643785695584032,10.97253176444628,21.656787985753986,8.14717243281106,175.60259714869292,132.27933155536581,265.02935815226516,3136.80861789893,1067.1550984011315,5,4,2,Fair,Yes,Reject & Distrust
43410.886716171066,20898.744788972934,15886.657802122027,16071.983214773598,9567.054356718256,336.92415256132165,72.1951906217753,41.713671438794776,130.0927627868809,148.9185472708113,64.51843705573506,26.701813613621244,4.206300523183379,6.176907857337969,3.486600520004324,206.12637157685458,87.24203532160375,27.00088786527793,70.98094491226233,26.032094212194178,12286.59636203515,5081.1744940442,1716.6455049151018,4325.615175399734,1600.6507100646986,5,4,3,Fair,Yes,Accept & Trust
75.88144884201671,15.38966757753003,10.58607642079414,33.27624698153906,12.98902615161966,9.068639932651676,8.551716240927002,5.298222035371803,5.221606500769228,1.780511024821018,629.5315225641589,246.16199889636752,68.46840728172299,1386.8744826033135,654.6185321848411,61.323181497380105,32.32900756361705,7.789516523319513,16.02599281518077,9.463034922454822,210.54848615031844,85.98317880122579,272.2781068759864,2885.2725500119186,2403.701115973827,6,1,0,Biased,No,Reject & Distrust
39.19353684365329,45.5359549596617,7.742989061234282,18.275370803305204,6.873839468500429,2611.585680944866,531.1158441952283,100.84701447413275,27.375504577040537,10.227021787619268,2498.20954948494,485.57350744730155,65.49791791353039,1433.1492534902488,575.5391108587573,26.271841146987164,23.298950070373124,10.926365870120147,12.55771127510177,4.301785587865101,270.6712453520388,136.74484785897823,335.6348355025675,2912.861063178271,1219.0671271876167,6,1,1,Biased,No,Accept & Trust
138.8838984719945,90.99137260865616,126.35386426276959,70.81038315927903,11.94820913020559,129.8784434484332,97.82536397486521,67.69655674022889,37.32852229632293,3.758482590088508,161.3511287604344,53.81817583767281,478.6114672632722,2515.689769023455,273.30325105263626,77.42112290415002,87.5159287254485,78.33275040971263,45.69191892227711,9.609434425275428,219.5531630698908,221.56082981289518,851.2431425792234,4514.60085910181,666.3999031531497,6,1,2,Biased,No,Accept & Trust
120.31963061208059,50.60515057308758,45.22715392148024,63.8364792139547,9.787542804091766,69.04381646509275,63.8304515534549,58.013167844603856,92.01990927258338,8.920610197413703,133.0511235927221,93.97646252864836,119.54349716324768,1301.6293385866961,616.8613960883957,81.73736325030015,61.53986296814389,58.05174259694529,83.3119523325935,16.785938584123603,654.8180846345612,99.37092427668492,108.25503047869987,3025.3943384839213,1570.6867315110494,6,1,3,Biased,No,Accept & Trust
32.199815644786284,58.0031877161243,44.7632442574576,41.37977725141767,7.168033597419861,14.535002936655282,49.83800091025991,41.743182721216,31.199652355750732,6.173673381062729,556.9953515749627,165.48798344375234,121.7199169698237,1471.0892698320638,824.2573238801709,33.49323291823311,71.50423555806964,46.87583156092795,58.322592282030854,8.01844206028711,303.0736171761685,88.50978897069442,719.8650284279091,4014.3142925900124,1728.2159084794482,6,1,4,Biased,No,Accept & Trust
12.640486051236687,40.87559443723248,10.326312026948706,35.11918064768545,11.665162940343665,17.178297063221102,10.563465442977474,9.190565888701792,13.012697752548117,2.2452691370182656,70.84372214677974,229.80137028727745,119.35823381854071,1098.4898861018357,747.0912794238802,20.244215278686298,34.1305400830821,6.108565921558531,19.37620337956164,4.585231940984196,182.64795876796418,440.69162823063704,540.9601411975074,2808.5014664769265,1921.239345446749,6,2,0,Biased,Yes,Reject & Distrust
19.268908831439752,12.986539012795912,7.284370282356839,44.85028100342475,11.11781731913557,178.69262104309544,183.8645619005998,51.441437995945215,18.45979200223314,5.339095759761071,1575.9757024204578,2683.477223570732,1292.1223995898363,1510.3862130164334,679.077306740241,16.35946547329838,15.714760801179908,1.4505873368524043,6.339107447804689,2.618317615669835,464.9362560313646,188.9574497311536,515.6787191563794,2544.619023654641,1020.6995260078411,6,2,1,Biased,Yes,Accept & Trust
13.961088501070714,3.610278127658445,18.976043880804482,15.83673273046696,8.5725596291135,10.737832169695459,3.7403667184015763,4.219521688110321,7.8140046137028705,3.8782578772103515,209.84484410716504,285.3020868716704,458.59499527915074,2487.340812075235,833.0709852998652,18.626796925892247,0.6348655814039155,11.89615963651399,7.953444438162931,1.6000830107283754,310.998904814203,245.25201167479287,178.4833146336266,3456.7404621912156,1306.0674594530205,6,2,2,Biased,Yes,Accept & Trust
106.4252640607914,32.68413389800943,15.594030806385721,45.05243718631113,13.938842334767013,31.989271629408762,11.931743822952788,9.071624573657234,12.545538535419908,5.5170703294195595,244.00399645653533,375.9539005370313,312.9759442748975,3073.051927811608,727.4242834790801,72.72962273746592,18.93035591189206,9.74489677516133,17.661258424705142,8.508114351035477,312.31957052520755,374.47158638772106,330.47808223417854,4072.1271572088704,1179.5329475334383,6,3,0,Fair,No,Accept & Trust
11.745383520467287,26.600507108239466,18.11572407155534,25.913786567055247,14.95076831127859,12.466559707490537,9.858829133020938,4.978651884162727,11.981177997666741,6.294722368621592,225.00204180733604,195.50685824630182,343.8426949882126,2712.2597782330076,849.6971253261717,29.45225241007307,38.53144120488747,26.4465807842057,21.347426285510032,5.744361669612468,99.20607221968635,207.52520590360373,404.5046994908248,4190.048201132673,1182.1786244737332,6,3,1,Fair,No,Accept & Trust
12.94536831759798,9.639676632087307,10.80069270779389,33.06004998402646,9.544574411621033,20.890088142750106,7.257774669076268,7.440058721800367,11.619385947907368,3.5474885574588457,99.67755636318464,297.0274457145685,237.8807887620393,2894.8986871206243,757.4545919697377,4.395743854340956,10.739399345592767,5.128083135512227,7.00162745929464,4.5472102657371405,70.80346793037367,273.77633149457495,236.94610224509967,3609.787323592529,1295.1507720725044,6,3,2,Fair,No,Accept & Trust
23.332183724260553,21.375252787470814,2.8447040506184895,15.436974843980012,13.468142547680356,26.574601791903202,14.19615722647854,15.147640143561576,6.547870412410142,6.250530554367474,132.83851924356694,74.77896099976857,312.6344105528954,2239.1348343688323,740.4830372646038,19.125026946901304,20.91515881936714,8.930387921515253,18.236735898418374,5.408419570352705,311.59063541681064,72.13169512119161,822.3373886845268,2717.728659793691,831.9470106889735,6,3,3,Fair,No,Accept & Trust
91.0669465494822,93.71744911945672,27.102334228161812,25.947626569330158,16.456481322276886,17.166618453257396,10.788320234576624,10.200552431994444,6.977099162816464,2.35971341146956,144.0560311782907,141.44716774016928,427.9897410612835,1800.8298960623567,562.5274491756034,61.606212277416695,71.18355641160181,36.58405600720721,28.385929078519467,8.836269658361555,371.5344450366206,292.89603321896226,264.1729738751099,4006.1142002423476,1345.8638102437274,6,4,0,Fair,Yes,Accept & Trust
532.1694701648281,257.93059203645157,61.10945857886888,36.07979695023954,7.793439755348291,147.59633702428297,72.49089731427534,3.940619238932748,13.104034872106899,5.563279175716041,145.12619816492423,63.58944190338198,315.447337100714,2224.368776483302,653.7061658842206,396.222228200936,258.6281321910062,66.93170773649348,15.21796118791985,6.587330731477044,195.26848510156407,178.9993406611507,569.7010973506689,4002.0302134908784,835.8665186417935,6,4,1,Fair,Yes,Accept & Trust
57.41044010226825,23.35700904921902,23.275319270625538,65.65370703881997,112.23148580550031,15.122819500144839,8.256907363012237,1.9816977796415978,6.497859242392975,2.6565356227506016,15.522390717265145,10.618255635087968,5.500835730141695,5.070207487239296,2.272147751988334,10.353815578095972,20.765364157336478,12.327990512921918,26.789140713796193,9.23151890339048,221.54678525643268,301.0036167015684,431.1918708275129,4128.21248499879,1692.8320293635434,7,1,0,Biased,No,Reject & Distrust
18.823797099710355,26.612588033252266,13.70535857029062,132.68851533154753,85.67951095635465,16.433844070424556,3.984073447277031,11.50455670444401,16.41028585930473,5.605946894248011,8.01671509157133,9.272882853552733,8.605197219945568,11.086841167231839,2.339624157658915,23.29527218148055,43.08004637086612,19.249998430161593,33.912456980349106,13.59598574006971,279.9947714832843,516.278153710927,270.31220897715093,4350.899848399808,2055.753841946528,7,1,1,Biased,No,Reject & Distrust
28.648386531989676,21.607810827721117,15.094470706155644,28.653884023983288,35.770316375169855,2.847573338294985,7.716752517852212,2.768635550016072,7.7360998515871415,3.2923146395893474,7.016185271647391,6.8991772042055395,5.901765474963616,10.914046557382772,2.2168311951892177,3.190420696201266,16.207798465465864,6.417148892031627,26.589448594696353,5.5029105178579565,239.45717053888688,412.6806332682887,522.8111072471495,5244.515977316071,1471.5082897000186,7,1,2,Biased,No,Accept & Trust
34.66073490590396,43.28401047414087,59.88880929168131,80.92371734880066,35.11027805995279,7.474552696171356,4.517648710924119,16.943306203369737,14.225794680256154,2.896167585161658,39.981005883687494,7.5036943916670165,10.117954536632938,15.423164805677187,3.1288993229225808,33.57789166130364,20.639246733182784,14.923916209997937,35.16276551056067,9.760659264623227,200.92686428113976,432.1643672184172,617.8410204232371,5357.408659289512,1439.4585730250803,7,1,3,Biased,No,Accept & Trust
18.735344007149326,40.320094677382826,23.007978112116298,28.636861810253354,13.7570293435988,9.085697802820082,5.634471861371325,8.42486428724265,14.243580326398295,6.948456083259354,17.119958987468525,6.256769940101288,4.586327414108908,11.774959881182504,5.966815451777886,8.234067842243622,13.444639522427115,7.067113748386822,19.29667158287833,8.372127409220612,621.3437450525968,299.5856022879429,1644.5234448242136,5206.38068753079,1306.5096183308926,7,2,0,Biased,Yes,Reject & Distrust
11.700031788511684,5.626989496797467,9.275082284181854,31.183242616123003,13.27294198933287,15.662275371722153,7.838009000794201,1.802178814151447,10.994213224434525,7.846102411352492,33.73655211805002,3.2588109521090263,3.636968318009525,9.475492109319957,5.270579525789357,7.269653094224728,13.645796842012315,5.622047793926854,21.879159697220825,11.39773746061849,355.59089071302805,228.4857198191821,457.5673087004818,4377.589969320612,893.8858721367907,7,3,0,Fair,No,Reject & Distrust
65.78821224932362,36.09661836878369,4.549363928813788,28.318307782546853,20.545079649703155,44.04669882684345,10.926693422641367,5.781251226879125,12.854719527215048,7.90092988320841,31.784073592839984,8.134951888680764,13.282866789202172,8.923033013879193,4.234122402918355,31.750513880414395,11.421581757360958,12.865495329462199,22.549309899233343,5.112900411327465,192.30620013071928,579.5073270150043,378.6041947668006,3021.587255656683,972.1311450400799,7,3,1,Fair,No,Reject & Distrust
25.435858192191773,13.581809825120464,26.835622204943256,46.09887571172904,19.139867352617692,6.561565844195742,1.124146608717686,5.171133274578258,12.305552475630469,5.591978034799442,3.7822201401555593,4.971910564158767,9.132479280377591,15.051395364705181,8.06530718547578,15.170193690050848,8.450104624888205,16.16092447034973,16.115962273706682,6.892230044179729,161.387740517521,182.17616665920576,537.7044540184917,2800.2639821949633,720.4830310426287,7,3,2,Fair,No,Accept & Trust
48.43080230434024,13.78078395520059,11.296074891633209,23.022287202479006,16.194888097424094,37.23454245019638,11.030367191384919,2.4169513421727324,23.206323842335596,17.312833253227286,54.3272010789929,11.43872448119244,3.2744121804765998,9.000861474665712,2.7805337012636544,58.99856681584615,22.5755342971011,16.82965916902295,22.232115446336824,4.710994574872924,136.9899287543755,231.95743433608274,281.9940354587553,3527.7663539865125,897.3691677991366,7,4,0,Fair,Yes,Reject & Distrust
37.005343729676525,15.896708590610958,18.22459792320994,32.255947026337054,17.115061003243145,8.670240022817111,7.483763081126613,3.3084733895796394,21.458166529422645,12.432948330845504,7.546292318337284,8.608612146158993,7.199877024166687,19.547138357198946,6.423610104785498,29.101767488285798,14.084239187623828,14.210141886760148,19.765136979523504,8.006271602671417,142.81223937490415,340.99731528267887,739.2914394165181,4648.322478013286,1320.681560401949,7,4,1,Fair,Yes,Reject & Distrust
67.37759076898969,34.88994984499957,15.132057426916756,29.302745804088456,16.30888044645777,1.9469097641909687,5.344810426941686,1.7308850473675292,3.903895244249462,1.0706893803952122,10.654177046629677,3.708860153716634,3.7008533049851207,4.1421111903103185,1.4660525176405517,52.44628365704457,19.637072763659773,10.306250278702969,26.721447769773636,20.235426082381064,32.89561142717069,101.10060948609022,511.7401027701272,4460.559306535074,688.0383819327606,8,1,0,Biased,No,Accept & Trust
16.653408976401572,8.189726163807219,4.658901787647928,15.316904155040287,10.338384219436469,9.126397432704653,7.957952719715528,4.609842722106377,3.8291206851082116,3.5573159608381135,7.14379838156246,4.195000931320703,2.4550776952038698,2.8640981475308847,3.2886858481150902,15.194100672162982,7.602735354726581,5.494455372780934,15.906883544742398,14.881280833039606,168.17389618984942,780.4852425417757,435.38932524180905,1841.559411405489,1976.050881965538,8,1,1,Biased,No,Reject & Distrust
36.50289381760569,9.319150082652703,18.264131412796445,27.759783276624308,11.259319632915817,4.939941364803275,2.6837145238497326,2.3767215254390366,6.910000361042881,2.4679862254708165,12.240725113169802,7.025063512980759,4.37682397510906,5.35393596082071,2.3886769915580612,15.117587857665349,6.415056810717509,3.8763612329932426,17.237276513366727,16.672639319112534,57.576859092067465,311.68964020236024,442.94765624879454,2403.709717618361,1154.2773796527126,8,1,2,Biased,No,Accept & Trust
21.02961682608974,8.50166529578615,15.821417562510705,18.62616240473848,14.979712077562343,3.4342939772997365,3.077374264526866,3.847133437492615,5.362512047020503,3.018352559964287,12.453550813759207,2.443908952902242,2.4330519723402064,5.061504937424476,3.0868669971299876,18.239793909199975,11.583329914103283,7.230601175631648,9.941798689562292,17.049903224776187,159.95135510855948,632.9389150254879,687.811806043515,2648.01326190568,1569.7246689182746,8,1,3,Biased,No,Accept & Trust
25.74258634963632,22.03855090602446,2.6064086760850365,21.282862294891274,16.301351857531444,1.702411195598416,6.06516997943964,1.5397778243657052,5.564749801718861,2.8773723267652884,81.53154953265563,3.701997123686339,5.279082051885817,6.074366126626821,2.6572193620012112,23.94029790162263,10.984604197429734,4.175865006036271,17.50941212686063,22.07259630448218,125.31144233375633,141.76860650374897,563.3761586448,4484.196342625117,1011.9485146910598,8,2,0,Biased,Yes,Reject & Distrust
18.925704863166935,8.351688811410947,7.84224760404685,21.31741470208383,12.936284801507522,2.430880804963319,0.5391936120483078,2.4427842739094348,4.562181886571647,1.5623565602483218,2.7169581752889487,2.84755420431365,3.687755660516579,5.105571623663552,1.1262893450108578,11.96077839515599,6.983987193515543,9.140804709876665,19.69566188699202,10.993817714308534,88.50102959635673,192.63412101351344,884.7024194321679,4152.224864760411,620.1595134859914,8,2,1,Biased,Yes,Accept & Trust
15.822450270599266,10.386521890910641,4.265183123579366,17.727275982742285,12.151182826797726,2.2084826572228087,1.6515232961284454,1.8945270226516515,10.760400997114287,2.6277027365147543,6.384413828108487,2.6929161881386205,1.960890348949253,6.005732556337803,2.48673272600708,9.143196590608683,12.576386000696141,3.736844201526075,19.824201873865334,8.500475634504614,25.057726584206684,311.53017357731244,842.5564983407904,3542.650774243649,943.226657045412,8,2,2,Biased,Yes,Accept & Trust
25.655035277311402,79.94916468790461,18.07045052762337,45.40066279133217,20.234260482876262,25.28350286408844,4.822024355678402,5.710214526510106,15.827111539006255,6.178705470473286,11996.072288675192,842.1352079161312,162.20873194689673,57.8266595280074,8.9944393480325,13.620634436175468,68.86886992939769,24.291388485951266,53.5566234185739,26.096627333524197,72.17878422875427,124.23780088724476,733.7755597865748,2574.5382579794823,1704.499357350613,8,2,3,Biased,Yes,Accept & Trust
226.5115934810067,81.16641728807647,6.256677395567929,27.59512364789341,11.972221231048014,37.54614866694568,12.068116911013133,1.8670847116972884,7.783131609694213,5.835493468576885,34.9804573366383,8.037694640233521,1.8916780299253895,5.515117922370357,3.4639469291546816,210.40489540024987,64.8703104301088,8.811685810023645,33.554030133538724,10.698034272063307,133.35294924735837,475.27914349131936,514.9830222292467,2398.573328257727,695.3072806832595,8,3,0,Fair,No,Accept & Trust
7.376946030624963,13.3728859177487,6.25632701436926,14.176126795437833,16.00008571271671,4.767565287251288,1.876853840422534,2.079923504509469,4.438023235843096,2.1988950529026203,8.655095556747431,9.780356022163216,2.0879901600802815,9.895536297261858,3.5587639151226527,9.956075752502853,6.404728927701028,3.866585054604858,16.120581040117038,11.295321829144596,69.47667024433636,334.6122607120535,344.0113175528634,1822.1967603755234,1442.6839821751867,8,3,1,Fair,No,Accept & Trust
6.411873199407979,14.400551298942455,6.337633705870315,25.04289710696496,18.52142739526885,1.0858805463168513,1.346352174911396,3.789663527274063,6.6251108681490205,5.799796546058536,30.20896061070161,8.02884936062576,6.5804684234221735,8.596137106969792,4.402676756599639,2.901432472929525,5.154664535517643,5.46038431965593,18.130479343945836,8.565464836391271,122.96570573799362,255.7849588990005,421.51379518181346,2340.5799112664613,604.066204168749,8,3,2,Fair,No,Accept & Trust
12.115394569331219,18.912358753205215,12.781175676345013,20.61264086196758,11.468850292319182,7.100832650143536,2.133029481818709,5.113670328789202,4.784408272361589,3.2847320938582194,1.9646473787899073,5.018799208243441,1.461958047474069,6.63647339830858,3.2459313951372386,4.641548740870399,7.622643286974103,9.011128729533828,17.447382840412207,7.489084525102423,163.27706486633917,419.57580226182347,280.33815531651965,1993.662136117298,994.2675623633537,8,3,3,Fair,No,Accept & Trust
148.8309023437385,4.6538186281588665,9.974312469853123,25.73281451380925,18.995503098223708,196.60516522162828,5.618797967613608,6.217959325441291,11.001083208322878,3.7500811609876825,843.7853996705237,35.835383578326926,3.060210626153841,16.500403707414275,5.097812300099599,109.23221898502074,4.582719301651387,10.019955898473343,24.496306574013396,15.895315279595135,55.98609925469774,146.96498685231327,1227.739658992807,2705.5448625737063,995.291127645792,8,4,0,Fair,Yes,Accept & Trust
13.23294038743058,8.535479508313202,26.188481405336496,44.07466055248034,32.40753324044972,8.06494701693774,8.201804162188202,5.310661795877574,10.993029786199351,3.9917119629481257,10.266211703979314,7.58625593452982,13.925704538409967,16.063717985826354,3.3374780543156204,15.042848649770779,9.49285575333993,11.833746930338348,21.426315382709884,9.689638006519239,59.48561778712428,127.00284541439328,423.93213667142834,3569.051468412923,1199.2175525440032,8,4,1,Fair,Yes,Accept & Trust
75.5390316450942,78.48733653355369,45.56221658968792,26.976332230976393,21.139324279662176,39.79845822560461,3.8896518700214378,8.45430172597507,15.144176341802556,5.751723236433184,29.794090147860445,28.00310527900921,16.332866940018132,17.015793759216553,6.601103932863631,75.00016851848719,99.73041337905596,52.759037997788965,35.803014866006855,20.768288442430947,104.60403263781916,79.76784632984116,1298.7756564554925,2961.7515847092063,1251.725872605886,8,4,2,Fair,Yes,Accept & Trust
163.29634103032987,7.553545611577896,28.526805134522387,26.49224115329136,19.68934035435704,22030.465217327484,4040.2226760107596,827.5970584165941,958.1280048422598,141.34896153797814,2801.80088660079,450.77413669034644,211.34421512904325,278.27657554067264,23.023672060835814,125.01491057862376,11.71682118091371,29.155163512527462,21.650434642527294,12.398189121919716,51.094654959569745,169.6730204589474,837.1113919522522,4303.554597183108,1090.089014479215,8,4,3,Fair,Yes,Accept & Trust
90.3755630586967,43.870898028332384,6.232408431235281,32.4212514120346,6.5996968944019185,2875.8049039023917,1539.2090499432559,428.0655053006985,422.46586428915674,96.38093040925821,4695.848374763467,3399.9315971239876,374.3675252855801,711.8377520794062,129.00203035363745,44.27350426501003,37.56482479085934,10.526609115473825,27.036926972516365,16.567742241701943,42.2073337987431,338.050277848002,375.39788964926987,5580.336522110529,1274.4883198926677,9,1,0,Biased,No,Accept & Trust
3046.6688042815704,679.030825783979,294.14721205563006,102.2616279693609,31.49968571755572,50661.734016616814,22275.019228080702,5613.7778079184955,7708.83728100944,690.5863658191364,115023.27979839618,50470.660646948876,10172.0461585532,4875.808762675131,614.369520033948,2044.1310293022157,700.7541625872623,343.49193614783445,110.77353226176113,34.61064929171569,24.887775860075877,124.80173016632133,486.814190658738,6090.484575932464,779.1529552629173,9,1,1,Biased,No,Reject & Distrust
90.97719944163396,39.77058152861949,7.3383117485792555,9.73335885513231,5.369849375935765,13160.495341927797,2165.9206246710364,873.3350399543294,1074.6860541605122,139.9937184729044,11307.25174031244,6243.950364052952,4207.472223447775,2859.5890013665257,751.1904396772513,48.337483272122014,42.49482112566168,26.0640873943766,30.865914295119094,9.749543577932561,86.56279214977985,109.73728325983907,661.948116884895,6027.818843938818,719.1983839096524,9,1,2,Biased,No,Accept & Trust
26.045041568220014,17.839297103289613,11.640040613943789,15.134572776756196,6.052321807730204,156.23225563169896,336.0568136071255,137.0709494410684,206.62840328394023,31.936053008315266,2450.169251214175,3719.956445890789,1656.061874357481,1213.2491066244645,178.44136920943842,17.202458914624735,19.068280366222844,10.610296556332077,31.32226794741774,11.773853921814672,132.95009120806486,134.45140176513024,694.6215049769182,5197.338197652775,934.8174314954906,9,1,3,Biased,No,Accept & Trust
23.373020777689597,18.743626563871324,13.323531686789336,16.245895786484848,6.084752103033093,1035.7034335682902,849.8489889925814,794.9317424450605,447.6973410930805,152.71019793699313,21654.488713246872,2610.0073919216734,1015.7388064780743,2689.3047040167103,542.8536748857155,24.594987430600966,12.770811828297639,11.234246223674624,37.19492064964642,10.941076767644773,38.01954744852823,109.56097701911153,1086.5274982298163,5743.779582563824,845.6399696589331,9,2,0,Biased,Yes,Accept & Trust
91.5549912364283,20.30144809044446,8.990696622298685,13.154011705328989,9.432079945329958,1037.3308777665216,169.8366946207368,51.87998005508023,72.58191185899233,19.363901200146298,1952.8512002766988,117.26798935958222,420.10446585040364,2242.611074372887,611.0723276728418,81.58409614014599,14.901555743403927,13.26624037041183,27.76922231530695,6.505849808278443,104.15183402561644,106.03456743094524,730.4895572400617,4273.703412331912,1044.8387014858247,9,2,1,Biased,Yes,Reject & Distrust
183.0292975101198,12.825382359424221,10.309982751442577,14.017489532151275,9.652215901325418,9644.326905305294,18063.75651174895,2671.320774530714,1771.4560486620294,450.05979639071603,129.23999634662707,153.93911321871954,66.09922122866152,192.08443844596147,60.84108380547544,136.99580890768416,20.37419899201719,6.887105984536158,28.246306843923936,10.755898944844361,83.78299482589166,137.16736068030494,1112.360164768272,5363.570964645914,1363.2769419145882,9,2,2,Biased,Yes,Accept & Trust
154.45880815675633,59.28093696740227,23.061683933234935,52.027564552658816,13.486511681610255,601.3931527095955,66.39971587782028,46.71145531408152,68.69696993921514,8.115548543232721,22529.782695858343,5111.903450435327,1412.09687224426,1589.4829011078684,213.0553375791918,126.68063315709078,37.376893675027745,20.32063721977203,45.82648107458129,15.290684154142209,182.6153224943763,138.77044889757565,1202.6232553719874,4976.59661949129,733.9900743998348,9,2,3,Biased,Yes,Accept & Trust
187.38202012522902,134.32556911689062,25.206105035340947,27.17559229556907,7.826269950878778,169.51918921454453,77.33952130784361,34.25884755637603,31.738405097008577,5.584833060452712,1882.7826029652167,799.2474897686571,212.06628657871974,781.3662558056334,155.53679348187566,191.74155168341838,139.2806775049829,26.878875159318277,29.85813594248126,7.369798705068323,184.78236366911057,226.2240234011347,1138.9673960235555,4136.958748337728,762.0668216398496,9,3,0,Fair,No,Accept & Trust
295.6920751657207,195.72691744037581,43.43008291427486,25.17828683113292,13.559120817511557,164.8505320490288,75.27468311708158,8.463281334943956,19.403799869355165,12.42183812594127,1373.1388846445375,1294.8456816094092,196.67717467002305,687.9102507461279,351.20022972093227,258.4308657019371,191.59255531211767,40.12604310306501,27.288757115380427,16.34252732150594,148.7017744582454,139.16687585614736,455.026933373734,1938.2409793067613,608.0293302498644,9,3,1,Fair,No,Accept & Trust
45.45495705724453,20.98827240581235,13.203690240363692,18.997052351187875,9.329620727379762,47.72406609184943,10.008459220292394,3.6723306889815577,24.888891205992863,3.4974168245663817,635.6304813619287,190.42272023737405,352.83447376583797,504.911559700173,292.61110906929747,51.96734969969726,16.10773409594569,11.902643304391631,20.642598383219433,9.4622108150536,100.26357335190711,323.06977376251336,1113.996628020404,2913.7964949523666,1604.4231480771332,9,3,2,Fair,No,Accept & Trust
79.55069317317262,15.21734029810142,17.53796472764799,16.075552915740552,9.231907581460504,14.22854988301606,18.856274527942055,14.09473390731565,22.861879259049935,13.839472355144414,247.2722136612995,73.24249976784911,54.48656126389914,213.0327320516912,50.16134290099034,57.0292732266739,6.275314203998569,14.500173050973649,19.30533438720182,9.885501279724249,67.01151354823827,300.8725104893804,625.9576664350516,3005.442997301417,1026.956273854113,9,3,3,Fair,No,Accept & Trust
,,,,,,,,,,,,,,,,,,,,,,,,,9,4,0,Fair,Yes,Accept & Trust
,,,,,,,,,,,,,,,,,,,,,,,,,9,4,1,Fair,Yes,Accept & Trust
,,,,,,,,,,,,,,,,,,,,,,,,,9,4,2,Fair,Yes,Accept & Trust
,,,,,,,,,,,,,,,,,,,,,,,,,9,4,3,Fair,Yes,Accept & Trust
,,,,,,,,,,,,,,,,,,,,,,,,,10,1,0,Biased,No,Accept & Trust
,,,,,,,,,,,,,,,,,,,,,,,,,10,1,1,Biased,No,Reject & Distrust
,,,,,,,,,,,,,,,,,,,,,,,,,10,1,2,Biased,No,Accept & Trust
,,,,,,,,,,,,,,,,,,,,,,,,,10,1,3,Biased,No,Accept & Trust
,,,,,,,,,,,,,,,,,,,,,,,,,10,1,4,Biased,No,Accept & Trust
11914.025732309055,7189.659820730562,1153.1229073506938,21406.261718891932,16945.4670439546,8.527927169343924,3.445141098133489,4.5708003682507155,17.50297419315886,23.486506549988604,8.095917827498758,2.763867095758153,3.4268878951895823,15.689650782554127,6.616057993292878,13.342614465724179,7.444156655412335,16.77542005128838,43.83563468426139,21.24178302706129,154.32256031331633,100.81254866228682,598.8188411422233,3787.0648157995274,941.3415610184459,10,2,0,Biased,Yes,Reject & Distrust
44069.80768945348,7047.845926611115,7521.740238813549,8035.2197838908005,9893.362504543993,9.953689790675947,5.747286864787187,6.013780254808285,41.08766373301604,29.98476565197316,6.891523233890952,2.9128549131475365,2.5498356938781024,23.591235977717304,17.667129568006082,17.46359555401423,13.19634826005152,8.801970713399001,27.63895511842545,20.744445507041807,1263.4922667650978,284.33107186085266,713.015518804667,3894.7055239162223,1238.7451578791176,10,2,1,Biased,Yes,Reject & Distrust
249858.17940299213,10464.266931835553,12954.342782928585,29264.884465629675,8159.955509887196,58.239829429665285,15.816708980333457,4.471768893118637,29.49608783093127,27.30034706670605,11.80359649902443,1.6432041475707801,1.8201571776142784,32.39123711647713,21.860448268824943,6.530067492285642,6.11538743991364,12.698812196607928,28.643800643698864,17.196117042580322,4073.3197990380254,427.96382201645093,554.6423573064102,4560.462389986487,894.2769487321989,10,2,2,Biased,Yes,Accept & Trust
3438.823403822241,2119.97440900984,3055.8126759377105,33081.11827316826,11928.781668463263,8.939286436686062,9.634282076491846,2.342911489618198,31.97839605397615,19.55391728652169,7.926728383274131,4.991095569027091,6.465865175270427,26.44452815600966,16.377207860826005,8.261902348273313,10.05575693682051,6.361969229816259,28.275185121231697,11.048534993925362,178.74463430197278,388.85667346427215,435.939357634878,3953.798137694024,1033.157671518188,10,2,3,Biased,Yes,Reject & Distrust
2840.843202758913,8756.087990286727,3078.595127457048,21909.578975680295,9660.212711694932,73.24040763231395,32.974818651887645,6.326332260784641,35.01248827397193,12.646921273381542,18.562889259828243,3.8563558922973886,2.6648898197839515,39.69159923476073,11.063828062051345,43.973915425475006,28.451936456541922,16.72766579406941,31.46826202417652,10.014221244276708,109.92821183078844,392.7256124995427,693.6755750166353,3227.7385693360375,1229.9266685564312,10,3,0,Fair,No,Reject & Distrust
8974.589834843118,4268.916092467345,6277.942568991508,23751.85387875026,26339.321503797615,31.794497210793267,7.32250578959356,13.396467857989494,49.69170085647112,33.789226497761135,10.827885806783996,5.761264636662606,7.930608492261753,25.22535026774902,11.792170200425405,56.44506139738594,38.70326304287603,15.659250494622924,31.076591041572808,21.384262552645843,256.4498888019658,549.8120697052296,910.3536855838523,2269.1554948199296,1469.3905905880245,10,3,1,Fair,No,Reject & Distrust
2361.2521361663066,3926.9291744550683,4045.126536378379,14056.695020831481,23977.56807759899,18.137703236211394,8.313136326641867,4.244399739968311,36.99416629502989,14.367935700890152,9.927556365268064,8.138187380932369,2.818440431173316,17.617441910578105,15.216164402960842,12.372818188570335,10.887353719463249,11.633777096542907,22.874216177783488,10.620409998189839,218.0179781275018,186.30174885544295,732.8829668006915,2795.1646604822167,838.5970158404137,10,3,2,Fair,No,Accept & Trust
3912.759689937754,4935.176280725507,10880.470705840165,22654.102088517047,14344.637643397014,8.982568631651105,7.596140377256162,5.5273552699482815,36.28049605121298,29.330485651896986,24.295306498552584,9.339733649290249,5.379304915802329,29.981829573501255,15.256528385582305,70.68156916498232,20.803812453107547,19.06802902579116,38.14141537430828,15.084602217400729,94.7116822528884,348.9825726609201,902.9935963332623,4123.246327992718,1731.575152806371,10,3,3,Fair,No,Accept & Trust
,,,,,,,,,,,,,,,,,,,,,,,,,10,4,0,Fair,Yes,Accept & Trust
,,,,,,,,,,,,,,,,,,,,,,,,,10,4,1,Fair,Yes,Accept & Trust
,,,,,,,,,,,,,,,,,,,,,,,,,10,4,2,Fair,Yes,Accept & Trust
,,,,,,,,,,,,,,,,,,,,,,,,,10,4,3,Fair,Yes,Accept & Trust
